id,ts,ip,type,label,severity,kind
5f329c19-d71c-4c0c-886e-750f019201cf,2025-10-06T01:03:11Z,140.82.114.25,alert,192.168.12.152:54484 score=-0.077,MEDIUM,ANOMALY
f657d435-f9ed-426b-93ad-9bf5e63453db,2025-10-06T01:03:00Z,192.168.12.152,alert,224.0.0.251:5353 score=-0.061,MEDIUM,ANOMALY
2214bb85-5690-4367-af98-bdd619bd03f5,2025-10-06T01:03:00Z,192.168.12.152,alert,224.0.0.251:5353 score=-0.061,MEDIUM,ANOMALY
74167e3a-572e-4e97-b2e1-9f4ec9fe3b53,2025-10-06T01:03:00Z,192.168.12.152,alert,224.0.0.251:5353 score=-0.061,MEDIUM,ANOMALY
4476cbac-1a6d-4e1f-ad19-0396e0dd960e,2025-10-06T01:03:00Z,192.168.12.152,alert,224.0.0.251:5353 score=-0.061,MEDIUM,ANOMALY
6e61c600-a518-4550-8dbd-518b9a3968b5,2025-10-06T01:03:00Z,192.168.12.152,alert,224.0.0.251:5353 score=-0.061,MEDIUM,ANOMALY
7358e125-d390-4875-918f-55167342af97,2025-10-06T01:03:00Z,192.168.12.152,alert,224.0.0.251:5353 score=-0.061,MEDIUM,ANOMALY
bab8d9f5-f6ae-4086-a591-1b33406ed5e0,2025-10-06T01:02:59Z,192.168.12.152,alert,224.0.0.251:5353 score=-0.061,MEDIUM,ANOMALY
46eeb49d-b0d0-41ed-b378-6d455c1e7ea6,2025-10-06T01:02:59Z,192.168.12.152,alert,224.0.0.251:5353 score=-0.061,MEDIUM,ANOMALY
6ecba988-5f71-4384-9c9f-2829897ea8e6,2025-10-06T01:02:58Z,192.168.12.152,alert,224.0.0.251:5353 score=-0.061,MEDIUM,ANOMALY
357c1eda-a45d-41a0-ad1b-b2b0b8a3e2b6,2025-10-06T01:02:58Z,192.168.12.152,alert,224.0.0.251:5353 score=-0.061,MEDIUM,ANOMALY
f466ae89-deca-4c92-9e5d-ccee66c2e880,2025-10-06T01:02:57Z,192.168.12.152,alert,224.0.0.251:5353 score=-0.061,MEDIUM,ANOMALY
352eb143-251a-44a1-8c63-164c6ee6ebad,2025-10-06T01:02:45Z,192.168.12.152,alert,192.168.12.1:53 score=-0.003,LOW,ANOMALY
0e43d67c-70f6-42a2-aa0c-7225015256e4,2025-10-06T01:02:45Z,192.168.12.1,alert,192.168.12.152:55063 score=-0.035,LOW,ANOMALY
cf096166-c08d-4fa0-95f9-fc3d53548c2e,2025-10-06T01:02:45Z,192.168.12.1,alert,192.168.12.152:51337 score=-0.002,LOW,ANOMALY
2ca50734-89a6-4195-9994-bb8fa47d73d9,2025-10-06T01:02:31Z,192.168.12.152,alert,34.120.208.123:443 score=-0.064,MEDIUM,ANOMALY
c2e1f7ff-ef56-4fef-84f2-a11d6e2efe32,2025-10-06T01:02:31Z,192.168.12.152,alert,34.120.208.123:443 score=-0.064,MEDIUM,ANOMALY
082f2cc2-70af-4d87-80c4-72bd65b819b0,2025-10-06T01:02:31Z,192.168.12.152,alert,34.120.208.123:443 score=-0.064,MEDIUM,ANOMALY
26039ffb-fec0-4b70-a4db-4d8e76b07e18,2025-10-06T01:02:31Z,192.168.12.152,alert,34.120.208.123:443 score=-0.064,MEDIUM,ANOMALY
1361c6ab-f7e5-4057-a454-9fa7d5ac0b95,2025-10-06T01:02:31Z,192.168.12.152,alert,34.120.208.123:443 score=-0.064,MEDIUM,ANOMALY
6b660d7d-0a7c-42dd-8127-54928b74a2f5,2025-10-06T01:02:31Z,192.168.12.152,alert,34.120.208.123:443 score=-0.064,MEDIUM,ANOMALY
304dbeba-c55f-4981-9ab8-06f13dd8798b,2025-10-06T01:02:14Z,18.228.202.30,alert,192.168.12.152:59087 score=-0.007,LOW,ANOMALY
2f785326-e6aa-4efe-af5a-5d6f30927d09,2025-10-06T01:02:14Z,18.228.202.30,alert,192.168.12.152:59087 score=-0.007,LOW,ANOMALY
b2412b65-0985-4d41-b742-8fcf5102bcf1,2025-10-06T01:02:14Z,18.228.202.30,alert,192.168.12.152:59087 score=-0.007,LOW,ANOMALY
a3bb13e2-a242-433f-a0f7-61d945e8677d,2025-10-06T01:02:14Z,18.228.202.30,alert,192.168.12.152:59087 score=-0.007,LOW,ANOMALY
2f0bc42e-2843-462f-926a-1e552bc2690b,2025-10-06T01:02:14Z,18.228.202.30,alert,192.168.12.152:59087 score=-0.007,LOW,ANOMALY
c28740c0-8898-47b8-a2d3-c29e8d738de2,2025-10-06T01:02:14Z,18.228.202.30,alert,192.168.12.152:59087 score=-0.007,LOW,ANOMALY
c7a42828-7b72-4442-8448-17722720d216,2025-10-06T01:02:14Z,140.82.113.22,alert,192.168.12.152:58662 score=-0.029,LOW,ANOMALY
1bfa0490-7cc5-4c38-9ccd-341c6404893f,2025-10-06T01:02:13Z,18.228.202.30,alert,192.168.12.152:59087 score=-0.007,LOW,ANOMALY
59b2cc37-23a4-4f61-a3d5-163dc177f809,2025-10-06T01:02:13Z,18.228.202.30,alert,192.168.12.152:59087 score=-0.007,LOW,ANOMALY
6223c8c6-b938-48a8-b32f-8a253075a8d6,2025-10-06T01:02:13Z,18.228.202.30,alert,192.168.12.152:59087 score=-0.007,LOW,ANOMALY
3e9c6f61-8f59-4d04-b3f7-18277c295d4d,2025-10-06T01:02:13Z,18.228.202.30,alert,192.168.12.152:59087 score=-0.007,LOW,ANOMALY
ed9e772a-2e1e-4341-af24-554ddd3df722,2025-10-06T01:02:13Z,18.228.202.30,alert,192.168.12.152:59087 score=-0.007,LOW,ANOMALY
dec1cdce-031c-4ed1-8335-a407355e4a47,2025-10-06T01:02:13Z,18.228.202.30,alert,192.168.12.152:59087 score=-0.007,LOW,ANOMALY
5b6fdb74-edcd-4e22-9767-0f91076e1f15,2025-10-06T01:02:13Z,18.228.202.30,alert,192.168.12.152:59087 score=-0.007,LOW,ANOMALY
cc70b26e-0e80-4c33-ae01-69063aa7b940,2025-10-06T01:02:13Z,18.228.202.30,alert,192.168.12.152:59087 score=-0.007,LOW,ANOMALY
80360e54-a3d1-4c6b-b66e-1fd92bd22452,2025-10-06T01:02:13Z,18.228.202.30,alert,192.168.12.152:59087 score=-0.007,LOW,ANOMALY
60bf1f54-7218-4130-b107-a89128e5cb97,2025-10-06T01:02:13Z,18.228.202.30,alert,192.168.12.152:59087 score=-0.007,LOW,ANOMALY
01a11f33-d17b-4691-9b50-268f014d8574,2025-10-06T01:02:13Z,18.228.202.30,alert,192.168.12.152:59087 score=-0.007,LOW,ANOMALY
a5b5f01d-92eb-41d2-8e87-7f989161e4e5,2025-10-06T01:02:13Z,18.228.202.30,alert,192.168.12.152:59087 score=-0.007,LOW,ANOMALY
8a0a0202-4e4c-4d8b-8541-37a9663c91c9,2025-10-06T01:02:13Z,18.228.202.30,alert,192.168.12.152:59087 score=-0.007,LOW,ANOMALY
cdfc14a3-237f-41cb-90dc-48b890548ccb,2025-10-06T01:02:13Z,18.228.202.30,alert,192.168.12.152:59087 score=-0.007,LOW,ANOMALY
ba7ec206-d015-4f4e-823d-864f95279422,2025-10-06T01:02:13Z,18.228.202.30,alert,192.168.12.152:59087 score=-0.007,LOW,ANOMALY
46e3450d-de78-40e9-ad2f-bbccd2463d7a,2025-10-06T01:02:13Z,18.228.202.30,alert,192.168.12.152:59087 score=-0.007,LOW,ANOMALY
b4c8cd49-625b-40c4-8199-6dea7262f917,2025-10-06T01:02:13Z,18.228.202.30,alert,192.168.12.152:59087 score=-0.007,LOW,ANOMALY
d0028fc5-1cd9-47db-ab9e-250a4cbd03fe,2025-10-06T01:02:13Z,18.228.202.30,alert,192.168.12.152:59087 score=-0.007,LOW,ANOMALY
564007fd-f607-43ea-b191-64cddbd04d60,2025-10-06T01:02:13Z,18.228.202.30,alert,192.168.12.152:59087 score=-0.007,LOW,ANOMALY
6865c004-a78c-4d22-8136-9f7d5c5e72b4,2025-10-06T01:02:13Z,18.228.202.30,alert,192.168.12.152:59087 score=-0.007,LOW,ANOMALY
a6fcde47-f3fb-4622-bd15-c79a0c2346fc,2025-10-06T01:02:13Z,18.228.202.30,alert,192.168.12.152:59087 score=-0.007,LOW,ANOMALY
120e0983-d4bd-4524-b748-674d3920dfab,2025-10-06T01:02:13Z,18.228.202.30,alert,192.168.12.152:59087 score=-0.007,LOW,ANOMALY
762659ef-53ae-4b26-9acc-2b7ec0b5df28,2025-10-06T01:02:13Z,18.228.202.30,alert,192.168.12.152:59087 score=-0.007,LOW,ANOMALY
806533aa-cf26-46d4-8dfb-043d12ddc321,2025-10-06T01:02:13Z,18.228.202.30,alert,192.168.12.152:59087 score=-0.007,LOW,ANOMALY
88273a82-d967-4cc9-83ec-0c120b98929d,2025-10-06T01:02:13Z,18.228.202.30,alert,192.168.12.152:59087 score=-0.007,LOW,ANOMALY
16612f2f-ebe7-4b69-88fd-db8d8708241e,2025-10-06T01:02:13Z,18.228.202.30,alert,192.168.12.152:59087 score=-0.007,LOW,ANOMALY
776a6fe4-d6d8-4a39-af4b-621ac7a1e5c7,2025-10-06T01:02:13Z,18.228.202.30,alert,192.168.12.152:59087 score=-0.007,LOW,ANOMALY
736bbdb2-dc37-45ac-b90e-b1ba50c18041,2025-10-06T01:02:13Z,18.228.202.30,alert,192.168.12.152:59087 score=-0.007,LOW,ANOMALY
acd9070b-0c9f-426c-82cb-6f8e074ecb35,2025-10-06T01:02:13Z,18.228.202.30,alert,192.168.12.152:59087 score=-0.007,LOW,ANOMALY
d9a66b09-c285-4155-baa0-327280994fba,2025-10-06T01:02:13Z,18.228.202.30,alert,192.168.12.152:59087 score=-0.007,LOW,ANOMALY
d24ee281-1908-4793-9c56-9910d1df68d6,2025-10-06T01:02:13Z,18.228.202.30,alert,192.168.12.152:59087 score=-0.007,LOW,ANOMALY
5f3f209b-bed6-47af-b32b-57080f49be0d,2025-10-06T01:02:13Z,18.228.202.30,alert,192.168.12.152:59087 score=-0.007,LOW,ANOMALY
659070d8-ddeb-47f8-acf0-490cf521ca4e,2025-10-06T01:02:13Z,18.228.202.30,alert,192.168.12.152:59087 score=-0.007,LOW,ANOMALY
2e738a2d-2260-47c1-8ae0-802dcc0c8870,2025-10-06T01:02:13Z,18.228.202.30,alert,192.168.12.152:59087 score=-0.007,LOW,ANOMALY
264f7ced-45fe-4c01-ad21-ba1e34203a04,2025-10-06T01:02:13Z,18.228.202.30,alert,192.168.12.152:59087 score=-0.007,LOW,ANOMALY
1ba7a812-9560-4681-9899-8ee2c45481b2,2025-10-06T01:02:13Z,18.228.202.30,alert,192.168.12.152:59087 score=-0.007,LOW,ANOMALY
60e8562f-349e-4877-a320-7921b01d5c5e,2025-10-06T01:02:13Z,18.228.202.30,alert,192.168.12.152:59087 score=-0.007,LOW,ANOMALY
4b551420-2272-4e8d-9d58-f8ec4f17e114,2025-10-06T01:02:13Z,18.228.202.30,alert,192.168.12.152:59087 score=-0.007,LOW,ANOMALY
feb043a7-9e72-40a4-8a39-fac71bb61406,2025-10-06T01:02:13Z,18.228.202.30,alert,192.168.12.152:59087 score=-0.007,LOW,ANOMALY
c24a44ec-f08d-4160-9a8f-1527f86aca44,2025-10-06T01:02:12Z,18.228.202.30,alert,192.168.12.152:59087 score=-0.007,LOW,ANOMALY
13f439c0-6fc7-4988-9a34-4f8691514636,2025-10-06T01:02:12Z,18.228.202.30,alert,192.168.12.152:59087 score=-0.007,LOW,ANOMALY
9a812066-e47f-441b-9301-88ad645f1f7b,2025-10-06T01:02:12Z,18.228.202.30,alert,192.168.12.152:59087 score=-0.007,LOW,ANOMALY
e6389298-413b-4393-ba34-d38a036e74f3,2025-10-06T01:02:12Z,18.228.202.30,alert,192.168.12.152:59087 score=-0.007,LOW,ANOMALY
1ce5ae4d-af15-400b-aea3-a05b5b926659,2025-10-06T01:02:12Z,18.228.202.30,alert,192.168.12.152:59087 score=-0.007,LOW,ANOMALY
324c9724-df9a-4d8b-9f3d-aa9d25ccb22c,2025-10-06T01:02:12Z,18.228.202.30,alert,192.168.12.152:59087 score=-0.007,LOW,ANOMALY
e7c9fb7f-083a-4dc8-b793-f8b547d37285,2025-10-06T01:02:12Z,18.228.202.30,alert,192.168.12.152:59087 score=-0.007,LOW,ANOMALY
e7044a80-86c3-40aa-8063-5afcbf4788cc,2025-10-06T01:02:12Z,18.228.202.30,alert,192.168.12.152:59087 score=-0.007,LOW,ANOMALY
104fc120-4135-4ac2-b82b-ae46952f8db9,2025-10-06T01:02:11Z,192.168.12.152,alert,18.228.202.30:123 score=-0.006,LOW,ANOMALY
976da871-7815-4abc-bef3-de43dcaedff3,2025-10-06T01:02:11Z,18.228.202.30,alert,192.168.12.152:59087 score=-0.007,LOW,ANOMALY
37451aa5-0bec-4a15-8ae9-ef0b62d9c8bd,2025-10-06T01:02:07Z,192.168.12.152,alert,15.237.97.214:123 score=-0.030,LOW,ANOMALY
9108ee3a-f11b-475e-a686-98db812dfa68,2025-10-06T01:02:07Z,192.168.12.152,alert,15.237.97.214:123 score=-0.030,LOW,ANOMALY
46986548-7cec-4c58-9100-c65882f7ee87,2025-10-06T01:02:07Z,192.168.12.152,alert,15.237.97.214:123 score=-0.030,LOW,ANOMALY
57610ba8-7ebc-4edd-a467-6211b2a0f107,2025-10-06T01:02:07Z,192.168.12.152,alert,15.237.97.214:123 score=-0.030,LOW,ANOMALY
67738c04-c140-40af-8d5b-ec11ae0573ef,2025-10-06T01:02:07Z,192.168.12.152,alert,15.237.97.214:123 score=-0.030,LOW,ANOMALY
4fa12b4e-8eac-4259-b9a9-fdf453148e5d,2025-10-06T01:02:07Z,192.168.12.152,alert,15.237.97.214:123 score=-0.030,LOW,ANOMALY
e5a6a13e-d866-42c8-ae39-adad508f037c,2025-10-06T01:02:07Z,192.168.12.152,alert,15.237.97.214:123 score=-0.030,LOW,ANOMALY
6a5cad2a-abeb-4a98-9f38-645e3c9349a9,2025-10-06T01:02:02Z,192.168.12.143,alert,224.0.0.251:5353 score=-0.099,MEDIUM,ANOMALY
f2cb1a09-4389-4850-b08d-37bd783db0bd,2025-10-06T01:02:02Z,192.168.12.143,alert,224.0.0.251:5353 score=-0.099,MEDIUM,ANOMALY
4ad2d2d3-a804-4ff1-a7bc-6924d6a88fe1,2025-10-06T01:02:01Z,192.168.12.143,alert,224.0.0.251:5353 score=-0.099,MEDIUM,ANOMALY
3925f4f4-fdb8-4ae1-9ecd-345483f65d93,2025-10-06T01:02:01Z,192.168.12.143,alert,224.0.0.251:5353 score=-0.099,MEDIUM,ANOMALY
c8b64f73-0bfe-434e-8938-edcaa1a37e80,2025-10-06T01:02:01Z,192.168.12.143,alert,224.0.0.251:5353 score=-0.099,MEDIUM,ANOMALY
7a3f159d-51c9-418e-ab05-09b53f08986e,2025-10-06T01:02:01Z,192.168.12.143,alert,224.0.0.251:5353 score=-0.099,MEDIUM,ANOMALY
1fc075bd-ef78-4f10-bf80-fd7e50696766,2025-10-06T01:01:33Z,192.168.12.152,alert,34.120.208.123:443 score=-0.083,MEDIUM,ANOMALY
db0c561a-96b5-4179-8fff-5f780911e93b,2025-10-06T01:01:12Z,185.125.190.58,alert,192.168.12.152:58922 score=-0.018,LOW,ANOMALY
87990092-8388-4094-b9e0-36f2b1ad779b,2025-10-06T01:01:11Z,140.82.114.25,alert,192.168.12.152:54484 score=-0.046,LOW,ANOMALY
47bc4b73-d47f-4ede-a77d-8ffc6f415bb7,2025-10-06T01:01:06Z,185.125.190.56,alert,192.168.12.152:56991 score=-0.006,LOW,ANOMALY
64f1c579-2f91-444b-9c64-0a96cadb66a0,2025-10-06T01:01:06Z,185.125.190.56,alert,192.168.12.152:56991 score=-0.006,LOW,ANOMALY
02c3a5c6-e569-4895-89a4-31a8fee1acfd,2025-10-06T01:01:05Z,185.125.190.56,alert,192.168.12.152:56991 score=-0.006,LOW,ANOMALY
70fb4751-bf17-4241-8769-957e1946602c,2025-10-06T01:01:02Z,192.168.12.152,alert,15.237.97.214:123 score=-0.090,MEDIUM,ANOMALY
6f19b730-977e-4b0e-a3cc-b52f6abba0d1,2025-10-06T01:00:43Z,140.82.116.5,alert,192.168.12.152:33688 score=-0.053,MEDIUM,ANOMALY
5e7bcd56-7326-4037-8119-baef909c8cd4,2025-10-06T01:00:41Z,140.82.116.4,alert,192.168.12.152:45652 score=-0.074,MEDIUM,ANOMALY
7b9a9002-6014-4a4f-a981-405762cab0b0,2025-10-06T01:00:34Z,192.168.12.152,alert,192.168.12.1:53 score=-0.008,LOW,ANOMALY
86e87b35-e20b-42bb-884b-a24273e672ba,2025-10-06T01:00:34Z,192.168.12.152,alert,34.120.208.123:443 score=-0.020,LOW,ANOMALY
472df1fa-31a5-43ca-9137-e5647564b523,2025-10-06T01:00:34Z,34.120.208.123,alert,192.168.12.152:33776 score=-0.001,LOW,ANOMALY
9846276d-3973-43af-a5c2-2e408da9c40f,2025-10-06T01:00:34Z,34.120.208.123,alert,192.168.12.152:33776 score=-0.013,LOW,ANOMALY
8625e03c-9fe2-4f97-b067-adc83e28510f,2025-10-06T01:00:18Z,192.168.12.152,alert,185.199.108.154:443 score=-0.015,LOW,ANOMALY
5c92eb4e-106c-459f-a928-bbd383ee57f3,2025-10-06T01:00:14Z,192.168.12.152,alert,140.82.113.22:443 score=-0.094,MEDIUM,ANOMALY
1132cc5f-b359-462e-ad1c-cdf7f99a6a40,2025-10-06T01:00:14Z,192.168.12.152,alert,140.82.113.22:443 score=-0.098,MEDIUM,ANOMALY
2db1a8dc-6584-4945-a7ba-f73f535ef931,2025-10-06T01:00:14Z,192.168.12.152,alert,140.82.113.22:443 score=-0.098,MEDIUM,ANOMALY
fa3e49b3-e091-43bc-91dc-6631ca1f35e5,2025-10-06T01:00:13Z,192.168.12.152,alert,140.82.113.22:443 score=-0.074,MEDIUM,ANOMALY
306065e1-42a4-4a1c-a517-b56e17b631d0,2025-10-06T01:00:13Z,192.168.12.152,alert,140.82.113.22:443 score=-0.063,MEDIUM,ANOMALY
4570a83b-1b1f-4d6e-8b46-67e5ecee33d7,2025-10-06T01:00:12Z,192.168.12.152,alert,140.82.116.5:443 score=-0.027,LOW,ANOMALY
5b8989fb-9043-4973-a3c3-6ae565f9c820,2025-10-06T01:00:11Z,192.168.12.1,alert,port-scan-suspected 192.168.12.152:38398,HIGH,SIGNATURE
4f91a36a-200f-474b-a720-18b5bf5cb6ed,2025-10-06T01:00:11Z,192.168.12.1,alert,port-scan-suspected 192.168.12.152:48868,HIGH,SIGNATURE
58f20614-ab47-4896-9dce-4f53d9809324,2025-10-06T01:00:11Z,192.168.12.1,alert,port-scan-suspected 192.168.12.152:48868,HIGH,SIGNATURE
a91d4b07-d227-4841-9cce-14c02b59abed,2025-10-06T01:00:11Z,192.168.12.1,alert,port-scan-suspected 192.168.12.152:48493,HIGH,SIGNATURE
6a7178e7-4a02-4ca7-a555-c57564458c90,2025-10-06T01:00:11Z,192.168.12.1,alert,port-scan-suspected 192.168.12.152:34794,HIGH,SIGNATURE
278bedbb-a1c4-4f54-91cc-0e18f046286d,2025-10-06T01:00:11Z,192.168.12.1,alert,port-scan-suspected 192.168.12.152:34794,HIGH,SIGNATURE
d1fe4b03-f4d3-4e2b-a616-bdf88fb1298d,2025-10-06T01:00:11Z,192.168.12.1,alert,port-scan-suspected 192.168.12.152:34794,HIGH,SIGNATURE
77a34caf-7925-463b-8395-6a6ff332ce5e,2025-10-06T01:00:11Z,192.168.12.1,alert,port-scan-suspected 192.168.12.152:34794,HIGH,SIGNATURE
ce7be616-f0da-488d-930b-22bb48049874,2025-10-06T01:00:11Z,185.199.108.154,alert,192.168.12.152:36916 score=-0.018,LOW,ANOMALY
783ff7be-9fbf-4771-b0ac-02a10d48700e,2025-10-06T01:00:11Z,185.199.108.154,alert,192.168.12.152:36922 score=-0.029,LOW,ANOMALY
37c38c2b-b3a8-4952-99a4-fb88dd711798,2025-10-06T01:00:11Z,192.168.12.152,alert,140.82.116.4:443 score=-0.051,MEDIUM,ANOMALY
b9faa51e-db33-4f87-9824-ae1b575162a2,2025-10-06T01:00:11Z,185.199.108.154,alert,192.168.12.152:36922 score=-0.049,LOW,ANOMALY
00d19f5a-5130-4812-95bd-1bded59b478e,2025-10-06T01:00:11Z,185.199.108.154,alert,192.168.12.152:36922 score=-0.049,LOW,ANOMALY
fb61e019-40a3-4f13-a875-e794e0c647d9,2025-10-06T01:00:11Z,140.82.113.22,alert,192.168.12.152:58662 score=-0.001,LOW,ANOMALY
c5420623-3dd1-4855-9400-359b2f35d801,2025-10-06T01:00:11Z,192.168.12.152,alert,140.82.114.25:443 score=-0.032,LOW,ANOMALY
3cc1eaf5-806d-4c43-a596-d358c2e7afcd,2025-10-06T01:00:11Z,140.82.116.5,alert,192.168.12.152:33688 score=-0.002,LOW,ANOMALY
983770c8-6c0c-4aef-b3c9-026c4d8d764a,2025-10-06T01:00:11Z,140.82.116.5,alert,192.168.12.152:33688 score=-0.002,LOW,ANOMALY
3d7e1386-fe6c-4da0-aa50-e969641f0d70,2025-10-06T01:00:11Z,140.82.116.5,alert,192.168.12.152:33688 score=-0.002,LOW,ANOMALY
a293ab17-fcdc-408b-bce9-2b232dd495cd,2025-10-06T01:00:10Z,192.168.12.1,alert,port-scan-suspected 192.168.12.152:34103,HIGH,SIGNATURE
3d6b4375-bf7e-4611-ac1b-437ac9f6a6f3,2025-10-06T01:00:10Z,140.82.116.4,alert,192.168.12.152:45652 score=-0.029,LOW,ANOMALY
40b33bdd-bb89-445c-a278-fb528f361526,2025-10-06T01:00:10Z,140.82.116.4,alert,192.168.12.152:45652 score=-0.040,LOW,ANOMALY
d5b35ecd-d528-43e0-85c2-0539b260d5b5,2025-10-06T01:00:10Z,140.82.116.4,alert,192.168.12.152:45652 score=-0.034,LOW,ANOMALY
8d7216da-f071-4d1b-a501-bf8449bf2537,2025-10-06T01:00:10Z,140.82.116.4,alert,192.168.12.152:45652 score=-0.034,LOW,ANOMALY
e02c1e37-dbc2-4087-a821-32bce5dfc749,2025-10-06T01:00:10Z,140.82.116.4,alert,192.168.12.152:45652 score=-0.034,LOW,ANOMALY
a2e317d9-76d5-4dcb-bce3-9d623d767d62,2025-10-06T01:00:10Z,140.82.116.4,alert,192.168.12.152:45652 score=-0.033,LOW,ANOMALY
9822997a-fce6-450a-85cb-3f77e6da6505,2025-10-06T01:00:10Z,140.82.116.4,alert,192.168.12.152:45652 score=-0.034,LOW,ANOMALY
efd2ab7b-1573-40d0-9a85-fbf1b7c6501f,2025-10-06T01:00:10Z,140.82.116.4,alert,192.168.12.152:45652 score=-0.034,LOW,ANOMALY
0510d718-29b9-45ef-9c4f-a047432938b3,2025-10-06T01:00:10Z,140.82.116.4,alert,192.168.12.152:45652 score=-0.037,LOW,ANOMALY
72e1242a-609b-49c1-9ba7-0422c09c050a,2025-10-06T01:00:10Z,140.82.116.4,alert,192.168.12.152:45652 score=-0.033,LOW,ANOMALY
0758c6b0-a367-4b3a-a99f-fbf889bf270d,2025-10-06T01:00:10Z,192.168.12.1,alert,port-scan-suspected 192.168.12.152:34659,HIGH,SIGNATURE
bd50cf62-819c-4e88-9a6e-300cf04a5862,2025-10-06T01:00:10Z,192.168.12.1,alert,port-scan-suspected 192.168.12.152:32933,HIGH,SIGNATURE
4f541ddc-d218-494b-bc12-e54c9d72b644,2025-10-06T01:00:10Z,192.168.12.1,alert,port-scan-suspected 192.168.12.152:40417,HIGH,SIGNATURE
bb23f237-5738-4602-b960-5b995160910d,2025-10-06T01:00:10Z,192.168.12.1,alert,port-scan-suspected 192.168.12.152:40095,HIGH,SIGNATURE
da065254-0431-4fe8-8293-b537d5c5afe4,2025-10-06T01:00:10Z,192.168.12.1,alert,port-scan-suspected 192.168.12.152:40095,HIGH,SIGNATURE
823cc4b4-704f-40b9-a022-5525bd9672dd,2025-10-06T01:00:10Z,192.168.12.1,alert,port-scan-suspected 192.168.12.152:49564,HIGH,SIGNATURE
470c0541-bce2-499b-ae08-5c2d24f9b5c9,2025-10-06T01:00:09Z,192.168.12.152,alert,140.82.116.4:443 score=-0.030,LOW,ANOMALY
8f2e6464-f072-4b08-baa2-49b1faff037b,2025-10-06T01:00:09Z,140.82.116.4,alert,192.168.12.152:45652 score=-0.040,LOW,ANOMALY
b7867449-9383-45df-ad98-beb72798370f,2025-10-06T01:00:09Z,192.168.12.152,alert,140.82.116.4:443 score=-0.028,LOW,ANOMALY
4a184ccc-8c68-43d1-90d8-060e3a9051e7,2025-10-06T01:00:09Z,192.168.12.1,alert,port-scan-suspected 192.168.12.152:53169,HIGH,SIGNATURE
30657246-294f-4712-9c5c-42399f364f34,2025-10-06T01:00:09Z,192.168.12.1,alert,port-scan-suspected 192.168.12.152:60452,HIGH,SIGNATURE
98650c86-ed6b-4cbf-98b2-33c0395999f6,2025-10-06T01:00:09Z,192.168.12.1,alert,port-scan-suspected 192.168.12.152:54443,HIGH,SIGNATURE
b65f7d98-798b-4e53-8667-0a4c79450594,2025-10-06T00:59:57Z,192.168.12.152,alert,192.168.12.1:53 score=-0.022,LOW,ANOMALY
1af96f25-cf06-43a7-a20a-5a9cb6ca626b,2025-10-06T00:59:57Z,192.168.12.152,alert,192.168.12.1:53 score=-0.022,LOW,ANOMALY
021043e9-f38a-4035-bf08-1337561f0e07,2025-10-06T00:59:57Z,192.168.12.152,alert,192.168.12.1:53 score=-0.022,LOW,ANOMALY
dde9aa73-592a-4787-ae10-7df23dc59ec0,2025-10-06T00:59:56Z,1.12.168.192,alert,224.0.0.1:0 score=-0.062,MEDIUM,ANOMALY
26b51a75-0d3c-49b3-a6bf-d02e04d0efd1,2025-10-06T00:59:56Z,1.12.168.192,alert,224.0.0.1:0 score=-0.062,MEDIUM,ANOMALY
59f33b5f-4052-477a-a14d-bcd002418de4,2025-10-06T00:59:56Z,1.12.168.192,alert,224.0.0.1:0 score=-0.062,MEDIUM,ANOMALY
35c6bceb-f221-4ae6-abfa-98ace8c0713b,2025-10-06T00:59:56Z,1.12.168.192,alert,224.0.0.1:0 score=-0.062,MEDIUM,ANOMALY
9d0935e6-78dc-44aa-a903-976a8104dbad,2025-10-06T00:59:54Z,1.12.168.192,alert,224.0.0.1:0 score=-0.062,MEDIUM,ANOMALY
29a69d19-4f94-449f-871f-80cad5bddda0,2025-10-06T00:59:54Z,1.12.168.192,alert,224.0.0.1:0 score=-0.062,MEDIUM,ANOMALY
a570b131-1136-4f30-adc4-d1c4c19e3db9,2025-10-06T00:59:54Z,1.12.168.192,alert,224.0.0.1:0 score=-0.062,MEDIUM,ANOMALY
d1b13ba7-ed05-4b78-884c-b5383a3a61f4,2025-10-06T00:59:54Z,1.12.168.192,alert,224.0.0.1:0 score=-0.062,MEDIUM,ANOMALY
2f6ff77b-bc01-43f9-9271-73773f89a1e6,2025-10-06T00:59:54Z,1.12.168.192,alert,224.0.0.1:0 score=-0.062,MEDIUM,ANOMALY
26b41be9-e977-4113-a24f-c6543717fb54,2025-10-06T00:59:54Z,1.12.168.192,alert,224.0.0.1:0 score=-0.062,MEDIUM,ANOMALY
ac54ecfd-9f44-479f-97bd-75da6688f0d1,2025-10-06T00:59:54Z,1.12.168.192,alert,224.0.0.1:0 score=-0.062,MEDIUM,ANOMALY
d4458070-a1cd-4708-bf05-4ff2bd94defb,2025-10-06T00:59:54Z,1.12.168.192,alert,224.0.0.1:0 score=-0.062,MEDIUM,ANOMALY
9dab5a2e-9076-4a01-add3-ebc907c5bd4a,2025-10-06T00:59:50Z,1.12.168.192,alert,224.0.0.1:0 score=-0.062,MEDIUM,ANOMALY
11227c0d-0304-40a0-94b0-10264f221724,2025-10-06T00:59:50Z,1.12.168.192,alert,224.0.0.1:0 score=-0.062,MEDIUM,ANOMALY
f77b254c-2b7f-434f-a3ce-bfb6c55ea6dd,2025-10-06T00:59:49Z,1.12.168.192,alert,224.0.0.1:0 score=-0.062,MEDIUM,ANOMALY
edd1986d-c7dd-4294-809d-3a32f4d44db2,2025-10-06T00:59:47Z,1.12.168.192,alert,224.0.0.1:0 score=-0.062,MEDIUM,ANOMALY
fd9711ed-b8c3-46fe-8161-4f9a5365952c,2025-10-06T00:59:46Z,1.12.168.192,alert,224.0.0.1:0 score=-0.062,MEDIUM,ANOMALY
d2a24f73-dfad-4243-b9ba-b9941ca05b7d,2025-10-06T00:59:46Z,1.12.168.192,alert,224.0.0.1:0 score=-0.062,MEDIUM,ANOMALY
f3102223-ab34-4fd5-aa09-a94764fb8f27,2025-10-06T00:59:46Z,1.12.168.192,alert,224.0.0.1:0 score=-0.062,MEDIUM,ANOMALY
a32214aa-6227-42d3-b848-de312e0458f6,2025-10-06T00:59:45Z,1.12.168.192,alert,224.0.0.1:0 score=-0.062,MEDIUM,ANOMALY
f7b28495-f8d7-49d1-b5f9-054a1888f4e6,2025-10-06T00:59:45Z,1.12.168.192,alert,224.0.0.1:0 score=-0.062,MEDIUM,ANOMALY
89fdc81a-b10b-4022-b35f-017903c15b44,2025-10-06T00:59:45Z,1.12.168.192,alert,224.0.0.1:0 score=-0.062,MEDIUM,ANOMALY
0fa35ce2-91a0-40de-9055-2643fadfa164,2025-10-06T00:59:45Z,1.12.168.192,alert,224.0.0.1:0 score=-0.062,MEDIUM,ANOMALY
dc520c35-4e4f-4ece-992f-18856278a4c0,2025-10-06T00:59:45Z,1.12.168.192,alert,224.0.0.1:0 score=-0.062,MEDIUM,ANOMALY
1acfa84c-5be0-47bb-950a-35c2cfbd8c01,2025-10-06T00:59:44Z,1.12.168.192,alert,224.0.0.1:0 score=-0.062,MEDIUM,ANOMALY
e389e32c-19a2-4460-ad7e-2faa97184f08,2025-10-06T00:59:44Z,1.12.168.192,alert,224.0.0.1:0 score=-0.062,MEDIUM,ANOMALY
79fc2d33-3b28-4ad4-9d14-9f86ef99b77b,2025-10-06T00:59:44Z,1.12.168.192,alert,224.0.0.1:0 score=-0.062,MEDIUM,ANOMALY
e2ac10e5-f5a2-45fe-926e-aada0e26a696,2025-10-06T00:59:44Z,1.12.168.192,alert,224.0.0.1:0 score=-0.062,MEDIUM,ANOMALY
8f2679b0-176d-4652-b68e-43161372b054,2025-10-06T00:59:44Z,1.12.168.192,alert,224.0.0.1:0 score=-0.062,MEDIUM,ANOMALY
17e9cfe6-2c9f-4579-bb15-38bb7d6aece1,2025-10-06T00:59:44Z,1.12.168.192,alert,224.0.0.1:0 score=-0.062,MEDIUM,ANOMALY
d43c5f50-4f16-493e-a527-5368dfe4c67d,2025-10-06T00:59:44Z,1.12.168.192,alert,224.0.0.1:0 score=-0.062,MEDIUM,ANOMALY
d76ce5f7-2611-433c-b6ce-93cd50633c2a,2025-10-06T00:59:44Z,1.12.168.192,alert,224.0.0.1:0 score=-0.062,MEDIUM,ANOMALY
5035545a-11fc-46f6-8bd1-039f4a62cb09,2025-10-06T00:59:44Z,1.12.168.192,alert,224.0.0.1:0 score=-0.062,MEDIUM,ANOMALY
ac663bbe-d582-4d46-9e9f-9741677f0b0b,2025-10-06T00:59:44Z,1.12.168.192,alert,224.0.0.1:0 score=-0.062,MEDIUM,ANOMALY
131533fe-25ba-42e8-bb91-5a74dc7e0dac,2025-10-06T00:59:44Z,1.12.168.192,alert,224.0.0.1:0 score=-0.062,MEDIUM,ANOMALY
e0407cb7-66ec-45c2-9005-278917638451,2025-10-06T00:59:44Z,1.12.168.192,alert,224.0.0.1:0 score=-0.062,MEDIUM,ANOMALY
0ccf9130-8043-49d3-8f81-73f2df7e2e0b,2025-10-06T00:59:44Z,1.12.168.192,alert,224.0.0.1:0 score=-0.062,MEDIUM,ANOMALY
1b87d133-31e7-4a2c-ba62-b24c22ba3828,2025-10-06T00:59:44Z,1.12.168.192,alert,224.0.0.1:0 score=-0.062,MEDIUM,ANOMALY
98b692ea-7d30-4bb7-ab15-a1807c635812,2025-10-06T00:59:44Z,1.12.168.192,alert,224.0.0.1:0 score=-0.062,MEDIUM,ANOMALY
e26753e6-34b3-407e-b4b0-e0c92770be9f,2025-10-06T00:59:44Z,1.12.168.192,alert,224.0.0.1:0 score=-0.062,MEDIUM,ANOMALY
b9fa3bf5-7611-4883-ab8c-f606a4a73903,2025-10-06T00:59:42Z,1.12.168.192,alert,224.0.0.1:0 score=-0.062,MEDIUM,ANOMALY
e1d47831-446d-4f7a-b71c-8fcc1f26af25,2025-10-06T00:59:37Z,1.12.168.192,alert,224.0.0.1:0 score=-0.062,MEDIUM,ANOMALY
2775ed4f-12c2-4473-b163-eeb3d61c355d,2025-10-06T00:59:36Z,34.107.243.93,alert,192.168.12.152:33690 score=-0.049,LOW,ANOMALY
35477c2d-bbfa-4aaf-985f-5c8812a350fc,2025-10-06T00:59:36Z,34.107.243.93,alert,192.168.12.152:33690 score=-0.049,LOW,ANOMALY
0d00e61b-1590-4efb-b1a9-629b3bef8988,2025-10-06T00:59:36Z,34.107.243.93,alert,192.168.12.152:33690 score=-0.049,LOW,ANOMALY
057c5dd5-3f12-432c-9a13-6daebe906b64,2025-10-06T00:59:36Z,34.107.243.93,alert,192.168.12.152:33690 score=-0.049,LOW,ANOMALY
16cb8bc3-69cd-4fd4-be69-bb4898a6c16e,2025-10-06T00:59:36Z,34.107.243.93,alert,192.168.12.152:33690 score=-0.049,LOW,ANOMALY
38eec6a9-7b0e-4602-8eeb-6fb0e4c3fd20,2025-10-06T00:59:35Z,34.107.243.93,alert,192.168.12.152:33690 score=-0.049,LOW,ANOMALY
d36f63f2-e280-44d5-adea-885832d22ddd,2025-10-06T00:59:35Z,34.107.243.93,alert,192.168.12.152:33690 score=-0.049,LOW,ANOMALY
b0a4e26e-9960-46b1-aee2-30133d7190b6,2025-10-06T00:59:35Z,34.107.243.93,alert,192.168.12.152:33690 score=-0.049,LOW,ANOMALY
28be3f90-4adf-419c-82a5-bada22d73c60,2025-10-06T00:59:35Z,34.107.243.93,alert,192.168.12.152:33690 score=-0.049,LOW,ANOMALY
b25fded1-9c90-4bb4-b844-c8efea72cea2,2025-10-06T00:59:35Z,34.107.243.93,alert,192.168.12.152:33690 score=-0.049,LOW,ANOMALY
de03d847-7199-4b19-92ad-a38669701642,2025-10-06T00:59:35Z,34.107.243.93,alert,192.168.12.152:33690 score=-0.049,LOW,ANOMALY
59d6d700-0a6e-4e81-80de-177a4289dd3a,2025-10-06T00:59:35Z,34.107.243.93,alert,192.168.12.152:33690 score=-0.049,LOW,ANOMALY
70f5192f-f0a8-4aa3-a621-81963145bad6,2025-10-06T00:59:34Z,34.107.243.93,alert,192.168.12.152:33690 score=-0.049,LOW,ANOMALY
05bc11b2-ddfb-4149-91c9-750d045375b4,2025-10-06T00:59:34Z,34.107.243.93,alert,192.168.12.152:33690 score=-0.049,LOW,ANOMALY
56e1d865-1fd6-4c5e-a67f-5749cffd329a,2025-10-06T00:59:34Z,34.107.243.93,alert,192.168.12.152:33690 score=-0.049,LOW,ANOMALY
3455f3c0-5473-4131-a330-a73b16f8fa4a,2025-10-06T00:59:34Z,34.107.243.93,alert,192.168.12.152:33690 score=-0.049,LOW,ANOMALY
61624b35-04ad-4cf3-be19-b7d7d6b2192d,2025-10-06T00:59:34Z,34.107.243.93,alert,192.168.12.152:33690 score=-0.049,LOW,ANOMALY
98cfc037-eb4f-4112-ab9a-26a163c618e1,2025-10-06T00:59:34Z,34.107.243.93,alert,192.168.12.152:33690 score=-0.049,LOW,ANOMALY
4cdd4080-d8fb-4a30-9448-3770d8142807,2025-10-06T00:59:34Z,34.107.243.93,alert,192.168.12.152:33690 score=-0.049,LOW,ANOMALY
a823f016-efc5-494e-8e5c-d6d4905462d9,2025-10-06T00:59:34Z,34.107.243.93,alert,192.168.12.152:33690 score=-0.049,LOW,ANOMALY
69893871-0674-4c39-b8ea-59b2174ad661,2025-10-06T00:59:34Z,34.107.243.93,alert,192.168.12.152:33690 score=-0.049,LOW,ANOMALY
9a23a4a5-b00d-4e09-819d-c18d217ba235,2025-10-06T00:59:34Z,34.107.243.93,alert,192.168.12.152:33690 score=-0.049,LOW,ANOMALY
4626da28-2aa0-4065-8f3d-2cad42ae1ff2,2025-10-06T00:59:34Z,34.107.243.93,alert,192.168.12.152:33690 score=-0.049,LOW,ANOMALY
79ac3200-6169-425a-bded-70dff55fbe25,2025-10-06T00:59:34Z,34.107.243.93,alert,192.168.12.152:33690 score=-0.049,LOW,ANOMALY
ffc951d6-641f-4ff3-a7a0-22082c3c4bdb,2025-10-06T00:59:33Z,34.107.243.93,alert,192.168.12.152:33690 score=-0.049,LOW,ANOMALY
621c3daa-c134-46a5-a86f-422448c6003c,2025-10-06T00:59:33Z,34.107.243.93,alert,192.168.12.152:33690 score=-0.049,LOW,ANOMALY
9db79636-d6a0-4017-b2bb-1e10fa69e2c2,2025-10-06T00:59:33Z,34.107.243.93,alert,192.168.12.152:33690 score=-0.049,LOW,ANOMALY
033524ce-9be3-46ff-add3-3b8629c6b3b7,2025-10-06T00:59:30Z,34.107.243.93,alert,192.168.12.152:33690 score=-0.049,LOW,ANOMALY
e6f523df-7ac4-4ed9-846b-106d7ec80317,2025-10-06T00:59:30Z,34.107.243.93,alert,192.168.12.152:33690 score=-0.049,LOW,ANOMALY
e966cde7-5b40-4a98-b811-d39c3ae30a5a,2025-10-06T00:59:30Z,34.107.243.93,alert,192.168.12.152:33690 score=-0.049,LOW,ANOMALY
1fceb30a-ed2e-41df-a953-be77a2fee1fb,2025-10-06T00:59:30Z,34.107.243.93,alert,192.168.12.152:33690 score=-0.049,LOW,ANOMALY
24871610-5258-4597-853d-6dd1baa96b0a,2025-10-06T00:59:30Z,34.107.243.93,alert,192.168.12.152:33690 score=-0.049,LOW,ANOMALY
a69eaae8-a931-45b9-9508-22832cce14aa,2025-10-06T00:59:30Z,34.107.243.93,alert,192.168.12.152:33690 score=-0.049,LOW,ANOMALY
34c41837-e904-4ddb-99ad-eac7f95f49cf,2025-10-06T00:59:30Z,34.107.243.93,alert,192.168.12.152:33690 score=-0.049,LOW,ANOMALY
d36c1d4e-9d60-445b-ab08-23d9c27ec4b0,2025-10-06T00:59:30Z,34.107.243.93,alert,192.168.12.152:33690 score=-0.049,LOW,ANOMALY
a9f19c52-1c0d-40e6-aac7-23b783297865,2025-10-06T00:59:30Z,34.107.243.93,alert,192.168.12.152:33690 score=-0.049,LOW,ANOMALY
8055edfe-cab8-4872-9988-9fff1bfc5e1d,2025-10-06T00:59:27Z,34.107.243.93,alert,192.168.12.152:33690 score=-0.029,LOW,ANOMALY
0949fc00-7e02-4854-920d-1d99995583ef,2025-10-06T00:59:27Z,34.107.243.93,alert,192.168.12.152:33690 score=-0.049,LOW,ANOMALY
33446646-5add-4d1f-bd27-c362803536ec,2025-10-06T00:59:26Z,52.84.20.26,alert,192.168.12.152:41196 score=-0.026,LOW,ANOMALY
8429fd6a-508a-4a27-b9fd-37dfa99b79f2,2025-10-06T00:59:26Z,52.84.20.26,alert,192.168.12.152:41196 score=-0.040,LOW,ANOMALY
24796b0b-203d-49b1-9b84-d84e6c80e0d1,2025-10-06T00:59:26Z,52.84.20.26,alert,192.168.12.152:41196 score=-0.028,LOW,ANOMALY
26571d35-4762-473b-b382-87e31ee9fe1e,2025-10-06T00:59:26Z,52.84.20.26,alert,192.168.12.152:41196 score=-0.035,LOW,ANOMALY
6a845c3b-b2ac-427a-a505-9f5ab4ced530,2025-10-06T00:59:26Z,52.84.20.26,alert,192.168.12.152:41196 score=-0.035,LOW,ANOMALY
84364b59-e06f-41b7-b4cb-05c06d3ad323,2025-10-06T00:59:26Z,52.84.20.26,alert,192.168.12.152:41196 score=-0.035,LOW,ANOMALY
d3c49cce-e58c-41e5-9410-2adfa09e4c3f,2025-10-06T00:59:26Z,52.84.20.26,alert,192.168.12.152:41196 score=-0.035,LOW,ANOMALY
1e24f4e8-f940-40c5-86c9-a968f08f1468,2025-10-06T00:59:26Z,52.84.20.26,alert,192.168.12.152:41196 score=-0.035,LOW,ANOMALY
22f7b812-7e76-49bf-bd93-622888285549,2025-10-06T00:59:26Z,52.84.20.26,alert,192.168.12.152:41196 score=-0.035,LOW,ANOMALY
c96c60d2-061d-4bb3-9237-31ed9e634b2a,2025-10-06T00:59:16Z,192.168.12.152,alert,192.168.12.1:53 score=-0.011,LOW,ANOMALY
be306147-bdd4-41ad-8e23-2adada7b511b,2025-10-06T00:59:16Z,192.168.12.152,alert,192.168.12.1:53 score=-0.011,LOW,ANOMALY
59ff921e-70f8-4516-955a-98606796e45a,2025-10-06T00:59:16Z,192.168.12.152,alert,192.168.12.1:53 score=-0.011,LOW,ANOMALY
ca175885-3051-473a-b37b-ffbdb24fdf1b,2025-10-06T00:59:16Z,192.168.12.152,alert,192.168.12.1:53 score=-0.011,LOW,ANOMALY
72e2a93c-b931-4bf8-bfd2-fddf7f3eab89,2025-10-06T00:59:16Z,192.168.12.152,alert,192.168.12.1:53 score=-0.011,LOW,ANOMALY
4833c7d6-364f-4a0c-8c70-d4754fada9b8,2025-10-06T00:59:16Z,192.168.12.152,alert,192.168.12.1:53 score=-0.011,LOW,ANOMALY
8acbc99a-c051-4cbe-8eae-477f8bdb3b1c,2025-10-06T00:59:16Z,192.168.12.152,alert,192.168.12.1:53 score=-0.011,LOW,ANOMALY
57d2ede8-3197-454c-af13-da405e7d4301,2025-10-06T00:59:16Z,192.168.12.152,alert,192.168.12.1:53 score=-0.011,LOW,ANOMALY
f82474ac-9ed4-4d72-94f0-104353a4c75c,2025-10-06T00:59:16Z,192.168.12.152,alert,192.168.12.1:53 score=-0.011,LOW,ANOMALY
6048d926-9a97-4157-8a6a-40283d5df29e,2025-10-06T00:59:16Z,192.168.12.152,alert,192.168.12.1:53 score=-0.011,LOW,ANOMALY
034ad5c5-d944-402c-9c85-0493fe2f3a81,2025-10-06T00:58:52Z,192.168.12.152,alert,3.220.42.39:123 score=-0.068,MEDIUM,ANOMALY
96270ae7-26dd-497b-8108-85b5b7d5545a,2025-10-06T00:58:51Z,192.168.12.152,alert,224.0.0.251:5353 score=-0.022,LOW,ANOMALY
a055199d-535f-43b1-bb16-c56ba00f3c4d,2025-10-06T00:58:51Z,192.168.12.152,alert,224.0.0.251:5353 score=-0.022,LOW,ANOMALY
a6e524d9-71e2-4224-8809-ff2068bedaea,2025-10-06T00:58:50Z,192.168.12.152,alert,224.0.0.251:5353 score=-0.022,LOW,ANOMALY
4a5b7187-2a88-42d2-9826-6b4e0041559a,2025-10-06T00:58:50Z,192.168.12.152,alert,224.0.0.251:5353 score=-0.022,LOW,ANOMALY
63b8e1f2-35d1-4a3a-8b58-4415a62dfdd2,2025-10-06T00:58:46Z,192.168.12.152,alert,224.0.0.251:5353 score=-0.022,LOW,ANOMALY
562718b5-cd52-428c-bbab-56607f1f2a82,2025-10-06T00:58:46Z,192.168.12.152,alert,224.0.0.251:5353 score=-0.022,LOW,ANOMALY
0940961a-cd6f-424f-a271-3750deef90ff,2025-10-06T00:58:45Z,192.168.12.152,alert,224.0.0.251:5353 score=-0.022,LOW,ANOMALY
d3f5d791-3fb9-44af-8db7-598da07a3699,2025-10-06T00:58:41Z,192.168.12.152,alert,224.0.0.251:5353 score=-0.022,LOW,ANOMALY
99baf40e-834c-4c1b-8939-90c45232a3c8,2025-10-06T00:58:39Z,192.168.12.1,alert,port-scan-suspected 192.168.12.152:47761,HIGH,SIGNATURE
b448b3b2-f049-4e39-82a8-eed587ec8341,2025-10-06T00:58:38Z,192.168.12.1,alert,port-scan-suspected 192.168.12.152:47761,HIGH,SIGNATURE
947a3689-ac3d-4545-b2ce-62e702141fe6,2025-10-06T00:58:38Z,192.168.12.1,alert,port-scan-suspected 192.168.12.152:47761,HIGH,SIGNATURE
c1f06494-0818-4e46-a206-1026df999fd9,2025-10-06T00:58:38Z,192.168.12.1,alert,port-scan-suspected 192.168.12.152:47761,HIGH,SIGNATURE
5f134162-f251-46f3-b6b1-aa673b9bc2c6,2025-10-06T00:58:38Z,192.168.12.1,alert,port-scan-suspected 192.168.12.152:47761,HIGH,SIGNATURE
da240277-2eee-4d75-80f9-9e33d8fa187d,2025-10-06T00:58:37Z,192.168.12.1,alert,port-scan-suspected 192.168.12.152:47761,HIGH,SIGNATURE
6282dc71-c35e-4cd2-8c9a-1a3ffc17f9cc,2025-10-06T00:58:36Z,192.168.12.1,alert,port-scan-suspected 192.168.12.152:47761,HIGH,SIGNATURE
35e33137-5c57-4164-98ea-3ab32c02b047,2025-10-06T00:58:36Z,192.168.12.1,alert,port-scan-suspected 192.168.12.152:47761,HIGH,SIGNATURE
cba0e9c2-75be-4375-8b73-f47080dab399,2025-10-06T00:58:34Z,192.168.12.1,alert,port-scan-suspected 192.168.12.152:47761,HIGH,SIGNATURE
de6def25-8ffb-45a4-84af-3ed36a1456a6,2025-10-06T00:58:34Z,192.168.12.1,alert,port-scan-suspected 192.168.12.152:47761,HIGH,SIGNATURE
a3de965c-9ed9-4beb-9ae0-d8e81e115915,2025-10-06T00:58:34Z,192.168.12.1,alert,port-scan-suspected 192.168.12.152:47761,HIGH,SIGNATURE
58869273-00bc-4d57-9905-9ba780fc4bf6,2025-10-06T00:58:34Z,192.168.12.1,alert,port-scan-suspected 192.168.12.152:47761,HIGH,SIGNATURE
86ed146c-c147-4c6f-a3fe-16b9d98c3126,2025-10-06T00:58:31Z,192.168.12.1,alert,port-scan-suspected 192.168.12.152:47761,HIGH,SIGNATURE
277a920d-852b-4c5d-a2ae-2e0ba5ff84ed,2025-10-06T00:58:31Z,192.168.12.1,alert,port-scan-suspected 192.168.12.152:47761,HIGH,SIGNATURE
98e943f8-316a-4168-a137-482d24e6287b,2025-10-06T00:58:31Z,192.168.12.1,alert,port-scan-suspected 192.168.12.152:47761,HIGH,SIGNATURE
a666e527-3097-459a-9cff-e8d62a0a91f2,2025-10-06T00:58:31Z,192.168.12.1,alert,port-scan-suspected 192.168.12.152:47761,HIGH,SIGNATURE
d26309bc-c33a-4703-80b1-aed6b3bdc11c,2025-10-06T00:58:30Z,192.168.12.1,alert,port-scan-suspected 192.168.12.152:47761,HIGH,SIGNATURE
2c50dcd3-825d-4e76-8993-5f229b337226,2025-10-06T00:58:29Z,192.168.12.1,alert,port-scan-suspected 192.168.12.152:47761,HIGH,SIGNATURE
bd74ff86-d1e4-4bbe-bec0-81a6d42b1797,2025-10-06T00:58:29Z,192.168.12.1,alert,port-scan-suspected 192.168.12.152:47761,HIGH,SIGNATURE
336f5316-396c-457f-a06e-d1f8c4f9c289,2025-10-06T00:58:29Z,192.168.12.1,alert,port-scan-suspected 192.168.12.152:47761,HIGH,SIGNATURE
a2abb866-c067-4d5e-9943-34acc34a85de,2025-10-06T00:58:29Z,192.168.12.1,alert,port-scan-suspected 192.168.12.152:47761,HIGH,SIGNATURE
605959ab-409c-436a-96a7-1f8a69b9349a,2025-10-06T00:58:29Z,192.168.12.1,alert,port-scan-suspected 192.168.12.152:47761,HIGH,SIGNATURE
75579e29-dac8-4ba9-89d3-2bbf14262ea9,2025-10-06T00:58:29Z,192.168.12.1,alert,port-scan-suspected 192.168.12.152:47761,HIGH,SIGNATURE
9fdddb02-0c51-4646-b2e2-2a8f05b42b5d,2025-10-06T00:58:29Z,192.168.12.1,alert,port-scan-suspected 192.168.12.152:47761,HIGH,SIGNATURE
4f948fbc-3437-4f5b-b647-e83dc006f89f,2025-10-06T00:58:29Z,192.168.12.1,alert,port-scan-suspected 192.168.12.152:47761,HIGH,SIGNATURE
cb445a5b-5364-41d2-9fa5-ff1b397a8d3a,2025-10-06T00:58:29Z,192.168.12.1,alert,port-scan-suspected 192.168.12.152:47761,HIGH,SIGNATURE
37e21bd6-4556-4b7f-9809-bd81b8fa10c0,2025-10-06T00:58:29Z,192.168.12.1,alert,port-scan-suspected 192.168.12.152:47761,HIGH,SIGNATURE
6121e3ba-7372-4d46-b6dc-2ef416b5ef2c,2025-10-06T00:58:29Z,192.168.12.1,alert,port-scan-suspected 192.168.12.152:47761,HIGH,SIGNATURE
a2e1f1d2-7826-4a5f-a298-66639ff9124b,2025-10-06T00:58:29Z,192.168.12.1,alert,port-scan-suspected 192.168.12.152:47761,HIGH,SIGNATURE
3517e800-8587-4868-9629-41b6830407a8,2025-10-06T00:58:29Z,192.168.12.1,alert,port-scan-suspected 192.168.12.152:47761,HIGH,SIGNATURE
0278f82c-e4b5-4529-9a9e-815e89880fcc,2025-10-06T00:58:29Z,192.168.12.1,alert,port-scan-suspected 192.168.12.152:47761,HIGH,SIGNATURE
a5b331c7-9733-4594-ba2b-1bea2f04f0e3,2025-10-06T00:58:29Z,192.168.12.1,alert,port-scan-suspected 192.168.12.152:47761,HIGH,SIGNATURE
c7d74dde-a448-435b-9057-4edf4c9daeb1,2025-10-06T00:58:29Z,192.168.12.1,alert,port-scan-suspected 192.168.12.152:47761,HIGH,SIGNATURE
327cd3a7-99bf-47b0-9222-803167c659db,2025-10-06T00:58:29Z,192.168.12.1,alert,port-scan-suspected 192.168.12.152:47761,HIGH,SIGNATURE
c11e9356-30e7-44d6-8e40-753749b4ed8e,2025-10-06T00:58:29Z,192.168.12.1,alert,port-scan-suspected 192.168.12.152:47761,HIGH,SIGNATURE
375f1e7e-8e26-4b04-8db8-d70569d0a344,2025-10-06T00:58:29Z,192.168.12.1,alert,port-scan-suspected 192.168.12.152:47761,HIGH,SIGNATURE
c5ecfaeb-23b3-4203-a70a-2674b9ae3477,2025-10-06T00:58:29Z,192.168.12.1,alert,port-scan-suspected 192.168.12.152:47761,HIGH,SIGNATURE
d5c104b1-56e7-4f9b-bc04-89c778bb6b2c,2025-10-06T00:58:29Z,192.168.12.1,alert,port-scan-suspected 192.168.12.152:47761,HIGH,SIGNATURE
55875a5d-819b-4ed4-8bd3-4cab4128f418,2025-10-06T00:58:29Z,192.168.12.1,alert,port-scan-suspected 192.168.12.152:47761,HIGH,SIGNATURE
8d3c7520-52e9-4a94-b661-175da918ef24,2025-10-06T00:58:29Z,192.168.12.1,alert,port-scan-suspected 192.168.12.152:47761,HIGH,SIGNATURE
07220ddc-efac-46e3-a233-deff29e1f85e,2025-10-06T00:58:29Z,192.168.12.1,alert,port-scan-suspected 192.168.12.152:47761,HIGH,SIGNATURE
e8542a00-c012-4ff1-8848-1128ced364c3,2025-10-06T00:58:29Z,192.168.12.1,alert,port-scan-suspected 192.168.12.152:47761,HIGH,SIGNATURE
8dc55d3f-7a7a-4756-90ea-6467bdef971d,2025-10-06T00:58:29Z,192.168.12.1,alert,port-scan-suspected 192.168.12.152:47761,HIGH,SIGNATURE
5c59eba0-6880-4f80-b2c9-90698ced80f7,2025-10-06T00:58:29Z,192.168.12.1,alert,port-scan-suspected 192.168.12.152:47761,HIGH,SIGNATURE
97daebf5-5c7b-4af1-9e55-6002d98ef264,2025-10-06T00:58:29Z,192.168.12.1,alert,port-scan-suspected 192.168.12.152:47761,HIGH,SIGNATURE
85f998fd-6665-4746-9770-5c5453c37330,2025-10-06T00:58:29Z,192.168.12.1,alert,port-scan-suspected 192.168.12.152:47761,HIGH,SIGNATURE
a6dfa8b4-7775-4b20-a923-6e8d78ac323f,2025-10-06T00:58:29Z,192.168.12.1,alert,port-scan-suspected 192.168.12.152:47761,HIGH,SIGNATURE
357db1ce-6eef-457e-85bf-9ba06e42784c,2025-10-06T00:58:29Z,192.168.12.1,alert,port-scan-suspected 192.168.12.152:47761,HIGH,SIGNATURE
6fa39e7e-9619-4048-b18e-3cac3ec8904a,2025-10-06T00:58:29Z,192.168.12.1,alert,port-scan-suspected 192.168.12.152:47761,HIGH,SIGNATURE
7ec81e45-a3ee-4824-ad77-880237e92c5f,2025-10-06T00:58:29Z,192.168.12.1,alert,port-scan-suspected 192.168.12.152:47761,HIGH,SIGNATURE
a34c6370-9ed6-4465-8005-f0a22d0b6cf5,2025-10-06T00:58:28Z,192.168.12.1,alert,port-scan-suspected 192.168.12.152:49151,HIGH,SIGNATURE
d9615e66-7ce1-4527-a784-f3caa44e36a6,2025-10-06T00:58:28Z,192.168.12.1,alert,port-scan-suspected 192.168.12.152:59227,HIGH,SIGNATURE
1ac49b1a-3d98-4cfc-8f65-32f8469857fe,2025-10-06T00:58:28Z,192.168.12.1,alert,port-scan-suspected 192.168.12.152:47761,HIGH,SIGNATURE
7411becb-2dec-43ee-b2c0-0e477554448c,2025-10-06T00:58:28Z,192.168.12.1,alert,port-scan-suspected 192.168.12.152:47761,HIGH,SIGNATURE
8dbde63b-792a-4688-a7ff-8409184c40d5,2025-10-06T00:58:28Z,192.168.12.1,alert,port-scan-suspected 192.168.12.152:47761,HIGH,SIGNATURE
0a900675-e545-4f5e-9008-e89aae668cfd,2025-10-06T00:58:28Z,192.168.12.1,alert,port-scan-suspected 192.168.12.152:47761,HIGH,SIGNATURE
31cc8103-07b4-42f4-84b9-7a81a2065719,2025-10-06T00:58:28Z,192.168.12.1,alert,port-scan-suspected 192.168.12.152:47761,HIGH,SIGNATURE
66de8549-ccc0-4493-9d0e-cd0a366ae022,2025-10-06T00:58:28Z,192.168.12.1,alert,port-scan-suspected 192.168.12.152:47761,HIGH,SIGNATURE
45bd114d-5eee-42e5-8394-e12591e498a9,2025-10-06T00:58:28Z,192.168.12.1,alert,port-scan-suspected 192.168.12.152:47761,HIGH,SIGNATURE
229e9e6a-b004-4038-8b63-9fde42a6485e,2025-10-06T00:58:28Z,192.168.12.1,alert,port-scan-suspected 192.168.12.152:47761,HIGH,SIGNATURE
56d8f059-15c0-4666-bde8-808b724d98cd,2025-10-06T00:58:28Z,192.168.12.1,alert,port-scan-suspected 192.168.12.152:47761,HIGH,SIGNATURE
ccb26cee-6342-4aee-af91-1b3fd6d3960c,2025-10-06T00:58:28Z,192.168.12.1,alert,port-scan-suspected 192.168.12.152:47761,HIGH,SIGNATURE
faea237c-62ff-49e0-96c8-6248f5472a2b,2025-10-06T00:58:28Z,192.168.12.1,alert,port-scan-suspected 192.168.12.152:47761,HIGH,SIGNATURE
79337ce6-a0b0-408e-b5d6-55d9aa9b7192,2025-10-06T00:58:28Z,192.168.12.1,alert,port-scan-suspected 192.168.12.152:47761,HIGH,SIGNATURE
d8b0109e-aac6-4e84-8fd4-25461482c808,2025-10-06T00:58:28Z,192.168.12.1,alert,port-scan-suspected 192.168.12.152:47761,HIGH,SIGNATURE
655dea36-7ed5-4e8e-ad2e-f8f8866a9f08,2025-10-06T00:58:28Z,192.168.12.1,alert,port-scan-suspected 192.168.12.152:47761,HIGH,SIGNATURE
d02a00f8-4edb-4a67-a082-14ae443ab919,2025-10-06T00:58:28Z,192.168.12.1,alert,port-scan-suspected 192.168.12.152:47761,HIGH,SIGNATURE
5b318cfb-f5b4-43e2-b554-ef0d35da6b3e,2025-10-06T00:58:28Z,192.168.12.1,alert,port-scan-suspected 192.168.12.152:47761,HIGH,SIGNATURE
db902d18-1f84-428c-971e-c7db497bccd1,2025-10-06T00:58:28Z,192.168.12.1,alert,port-scan-suspected 192.168.12.152:47761,HIGH,SIGNATURE
840278fa-9f3b-44c1-9865-54a695bab45e,2025-10-06T00:58:28Z,192.168.12.1,alert,port-scan-suspected 192.168.12.152:47761,HIGH,SIGNATURE
a53c066f-777b-44a3-be92-af31ecfdec18,2025-10-06T00:58:28Z,192.168.12.1,alert,port-scan-suspected 192.168.12.152:47761,HIGH,SIGNATURE
353770af-3715-48a0-89ea-20456076982a,2025-10-06T00:58:28Z,192.168.12.1,alert,port-scan-suspected 192.168.12.152:47761,HIGH,SIGNATURE
4ac6d1b2-2ac6-4d79-866b-2654361874ea,2025-10-06T00:58:28Z,192.168.12.1,alert,port-scan-suspected 192.168.12.152:47761,HIGH,SIGNATURE
98df89f6-f84f-415a-a1ba-2d84b8a512d6,2025-10-06T00:58:28Z,192.168.12.1,alert,port-scan-suspected 192.168.12.152:47761,HIGH,SIGNATURE
fd330c1c-5538-42e6-bfad-65afb509bf0d,2025-10-06T00:58:28Z,192.168.12.1,alert,port-scan-suspected 192.168.12.152:47761,HIGH,SIGNATURE
f54c2a1b-a03e-4269-924e-33a4aab1d98c,2025-10-06T00:58:28Z,192.168.12.1,alert,port-scan-suspected 192.168.12.152:47761,HIGH,SIGNATURE
bec412ac-c00e-4c20-b749-c46deebad46f,2025-10-06T00:58:28Z,192.168.12.1,alert,port-scan-suspected 192.168.12.152:47761,HIGH,SIGNATURE
86fccd0d-2ebc-4fcb-acb9-b20257a32905,2025-10-06T00:58:28Z,192.168.12.1,alert,port-scan-suspected 192.168.12.152:47761,HIGH,SIGNATURE
31fd7e5b-b44d-4abc-8cfe-ffeb2a3db061,2025-10-06T00:58:28Z,192.168.12.1,alert,port-scan-suspected 192.168.12.152:47761,HIGH,SIGNATURE
d296d691-6fd0-416d-a7a4-256450085481,2025-10-06T00:58:28Z,192.168.12.1,alert,port-scan-suspected 192.168.12.152:47761,HIGH,SIGNATURE
00c44db7-57d9-4ae5-bf50-42e23322f917,2025-10-06T00:58:28Z,192.168.12.1,alert,port-scan-suspected 192.168.12.152:47761,HIGH,SIGNATURE
e6556d05-37c1-4c35-967e-bfbd7571711a,2025-10-06T00:58:28Z,192.168.12.1,alert,port-scan-suspected 192.168.12.152:47761,HIGH,SIGNATURE
4cbf0aef-afa2-4a26-b743-28cd2d417dd4,2025-10-06T00:58:28Z,192.168.12.1,alert,port-scan-suspected 192.168.12.152:47761,HIGH,SIGNATURE
103f3924-c131-43d5-894b-f2f3a7ff051b,2025-10-06T00:58:28Z,192.168.12.1,alert,port-scan-suspected 192.168.12.152:47761,HIGH,SIGNATURE
8ac52e9a-0402-41c2-9f59-4db2d177dc59,2025-10-06T00:58:28Z,192.168.12.1,alert,port-scan-suspected 192.168.12.152:47761,HIGH,SIGNATURE
b8e6cf56-261c-4a5b-83ff-fc765f3d79d9,2025-10-06T00:58:28Z,192.168.12.1,alert,port-scan-suspected 192.168.12.152:47761,HIGH,SIGNATURE
d36c1908-460a-4561-a115-d3fa6f858fb9,2025-10-06T00:58:28Z,192.168.12.1,alert,port-scan-suspected 192.168.12.152:47761,HIGH,SIGNATURE
19818420-3fbc-4036-89ff-fa93c996b815,2025-10-06T00:58:28Z,192.168.12.1,alert,port-scan-suspected 192.168.12.152:47761,HIGH,SIGNATURE
4079352d-4d36-45a8-b4e0-43b53e7ee2f5,2025-10-06T00:58:28Z,192.168.12.1,alert,port-scan-suspected 192.168.12.152:47761,HIGH,SIGNATURE
ad47c02c-4ef4-427e-b655-7ae7c65f028b,2025-10-06T00:58:28Z,192.168.12.1,alert,port-scan-suspected 192.168.12.152:47761,HIGH,SIGNATURE
7e3cd888-d7d9-450d-95ce-0688a9791ffb,2025-10-06T00:58:28Z,192.168.12.1,alert,port-scan-suspected 192.168.12.152:47761,HIGH,SIGNATURE
77de39ce-6565-4885-8e96-2f3358015fa6,2025-10-06T00:58:25Z,192.168.12.1,alert,port-scan-suspected 192.168.12.152:40715,HIGH,SIGNATURE
ef09e84a-1c34-4635-a042-c9da723e765d,2025-10-06T00:58:25Z,192.168.12.1,alert,port-scan-suspected 192.168.12.152:40715,HIGH,SIGNATURE
13f45726-c42a-4e34-a1d3-7db7f705fd46,2025-10-06T00:58:25Z,192.168.12.1,alert,port-scan-suspected 192.168.12.152:40715,HIGH,SIGNATURE
8ba90a56-0a96-468f-9810-22a32161427f,2025-10-06T00:58:25Z,192.168.12.1,alert,port-scan-suspected 192.168.12.152:40715,HIGH,SIGNATURE
b76b77f7-595c-4830-b6ba-fd34d5f5249b,2025-10-06T00:58:25Z,192.168.12.1,alert,port-scan-suspected 192.168.12.152:40715,HIGH,SIGNATURE
6bf63db8-ca39-4af6-ae49-5692feff5fda,2025-10-06T00:58:25Z,192.168.12.1,alert,port-scan-suspected 192.168.12.152:40715,HIGH,SIGNATURE
0a153634-7959-42d9-8042-73c8a572f1c4,2025-10-06T00:58:25Z,192.168.12.1,alert,port-scan-suspected 192.168.12.152:40715,HIGH,SIGNATURE
04f31249-d4ac-48d0-9c08-e4cb95d53285,2025-10-06T00:58:25Z,192.168.12.1,alert,port-scan-suspected 192.168.12.152:40715,HIGH,SIGNATURE
b96dd4e9-7224-4e21-8a64-239e0b63a47f,2025-10-06T00:58:25Z,192.168.12.1,alert,port-scan-suspected 192.168.12.152:40715,HIGH,SIGNATURE
838af0e0-647a-432d-a8ea-1c7cbf95fe7f,2025-10-06T00:58:25Z,192.168.12.1,alert,port-scan-suspected 192.168.12.152:40715,HIGH,SIGNATURE
f37025bf-1def-4265-b5da-0ddee1355e76,2025-10-06T00:58:25Z,192.168.12.1,alert,port-scan-suspected 192.168.12.152:40715,HIGH,SIGNATURE
d18f45ad-51c8-4e2f-b377-7b2f6df88dce,2025-10-06T00:58:25Z,192.168.12.1,alert,port-scan-suspected 192.168.12.152:40715,HIGH,SIGNATURE
5a386888-89f8-47fe-a89e-2f35da962e8c,2025-10-06T00:58:25Z,192.168.12.1,alert,port-scan-suspected 192.168.12.152:40715,HIGH,SIGNATURE
16d2054f-8c78-44c5-ba8f-49cbc6bbc644,2025-10-06T00:58:25Z,192.168.12.1,alert,port-scan-suspected 192.168.12.152:40715,HIGH,SIGNATURE
9fd35796-53db-4ba6-ba58-0aa2c397ea8d,2025-10-06T00:58:25Z,192.168.12.1,alert,port-scan-suspected 192.168.12.152:40715,HIGH,SIGNATURE
fe79f8d5-d88a-4244-a606-de5839316cb2,2025-10-06T00:58:25Z,192.168.12.1,alert,port-scan-suspected 192.168.12.152:40715,HIGH,SIGNATURE
9234de73-ae18-4289-a51a-4aa42bf39e29,2025-10-06T00:58:25Z,192.168.12.1,alert,port-scan-suspected 192.168.12.152:40715,HIGH,SIGNATURE
179dc3d6-413f-4a3c-8fd9-743a03d6bed7,2025-10-06T00:58:25Z,192.168.12.1,alert,port-scan-suspected 192.168.12.152:40715,HIGH,SIGNATURE
a53d57ef-72e5-421c-8b27-5adb5888d574,2025-10-06T00:58:23Z,192.168.12.152,alert,192.168.12.1:53 score=-0.098,MEDIUM,ANOMALY
772671a4-e1ae-4b27-996a-1df0b0c3d4ed,2025-10-06T00:57:57Z,192.168.12.152,alert,185.125.190.57:123 score=-0.092,MEDIUM,ANOMALY
0a156143-0f51-48a7-ae7e-3dea02178f61,2025-10-06T00:57:54Z,192.168.12.143,alert,224.0.0.251:5353 score=-0.064,MEDIUM,ANOMALY
37b388d0-72dd-443a-97b1-4b9a734471f3,2025-10-06T00:57:54Z,192.168.12.143,alert,224.0.0.251:5353 score=-0.064,MEDIUM,ANOMALY
dce04ad1-e74a-4c01-a9b6-52f03982342e,2025-10-06T00:57:51Z,192.168.12.152,alert,185.125.190.56:123 score=-0.011,LOW,ANOMALY
dded8ad0-4c3f-4038-b617-0c430e288431,2025-10-06T00:57:51Z,192.168.12.143,alert,224.0.0.251:5353 score=-0.003,LOW,ANOMALY
445b7d9e-38ed-405d-81f0-d6221bcf9156,2025-10-06T00:57:51Z,192.168.12.143,alert,224.0.0.251:5353 score=-0.003,LOW,ANOMALY
21a19cde-16b5-4f5d-bfff-765a93a34c87,2025-10-06T00:57:50Z,192.168.12.152,alert,96.60.247.29:123 score=-0.037,LOW,ANOMALY
0dea4043-748f-41e8-af17-4360da2afdf9,2025-10-06T00:57:50Z,192.168.12.143,alert,224.0.0.251:5353 score=-0.003,LOW,ANOMALY
6c5c5b21-1d44-4e88-80e8-a99ee2bcf0b4,2025-10-06T00:57:50Z,192.168.12.143,alert,224.0.0.251:5353 score=-0.003,LOW,ANOMALY
da9d388f-0192-467e-aada-d57eddbcc2b2,2025-10-06T00:57:48Z,192.168.12.152,alert,15.237.97.214:123 score=-0.014,LOW,ANOMALY
b817e319-d6dd-4947-b9be-4232b23701ea,2025-10-06T00:57:47Z,192.168.12.152,alert,3.220.42.39:123 score=-0.049,LOW,ANOMALY
e2725d9b-4514-4d21-af4f-9019ae8cc14f,2025-10-06T00:57:44Z,192.168.12.152,alert,192.168.12.1:53 score=-0.032,LOW,ANOMALY
8d42fa6c-16f4-4787-937b-c4cd555aaf63,2025-10-06T00:57:39Z,192.168.12.152,alert,192.168.12.1:53 score=-0.076,MEDIUM,ANOMALY
a82a7cb6-cd0c-4a55-b6ab-821725b18a11,2025-10-06T00:57:38Z,192.168.12.143,alert,224.0.0.251:5353 score=-0.006,LOW,ANOMALY
9358a8bf-2026-40ab-acc2-46acf3be693c,2025-10-06T00:57:38Z,192.168.12.143,alert,224.0.0.251:5353 score=-0.006,LOW,ANOMALY
b3c06cca-b89a-4885-ba4c-7aca53bc085f,2025-10-06T00:57:38Z,192.168.12.143,alert,224.0.0.251:5353 score=-0.006,LOW,ANOMALY
c61f90e3-d104-43b8-8ceb-c09c570eb573,2025-10-06T00:57:38Z,192.168.12.143,alert,224.0.0.251:5353 score=-0.006,LOW,ANOMALY
979dc6c4-188a-44dc-b2f2-e46724db411f,2025-10-06T00:57:38Z,192.168.12.143,alert,224.0.0.251:5353 score=-0.006,LOW,ANOMALY
3e48c17b-f7f9-445b-99ae-12ed67470363,2025-10-06T00:57:37Z,192.168.12.143,alert,224.0.0.251:5353 score=-0.006,LOW,ANOMALY
8c2a2850-74d2-4e7a-a5cf-801998f611b0,2025-10-06T00:57:37Z,192.168.12.143,alert,224.0.0.251:5353 score=-0.006,LOW,ANOMALY
53e2943b-8232-4cd4-a2b8-15f77340e76c,2025-10-06T00:57:37Z,192.168.12.143,alert,224.0.0.251:5353 score=-0.006,LOW,ANOMALY
9bc86b71-823c-4732-8c5a-2448a49e523c,2025-10-06T00:57:34Z,192.168.12.143,alert,224.0.0.251:5353 score=-0.006,LOW,ANOMALY
99db1c13-12ac-4406-b010-daa886c0a1e2,2025-10-06T00:57:34Z,192.168.12.143,alert,224.0.0.251:5353 score=-0.006,LOW,ANOMALY
4af01ac4-cb59-4295-a867-3a730db35e43,2025-10-06T00:57:34Z,192.168.12.143,alert,224.0.0.251:5353 score=-0.006,LOW,ANOMALY
151564b6-a14d-4681-b083-6d2fe88f389f,2025-10-06T00:57:34Z,192.168.12.143,alert,224.0.0.251:5353 score=-0.006,LOW,ANOMALY
ad3a8fc3-1c00-4ddd-998a-9c938372dab9,2025-10-06T00:57:31Z,192.168.12.143,alert,224.0.0.251:5353 score=-0.006,LOW,ANOMALY
ec401f18-9ff7-4126-a851-5b589ed64823,2025-10-06T00:57:31Z,192.168.12.143,alert,224.0.0.251:5353 score=-0.006,LOW,ANOMALY
53ee8975-d685-4ccd-9ed8-d32a3628a108,2025-10-06T00:57:31Z,192.168.12.143,alert,224.0.0.251:5353 score=-0.006,LOW,ANOMALY
20b5a8c6-7a86-47f8-b364-b4f7c728ecd9,2025-10-06T00:57:31Z,192.168.12.143,alert,224.0.0.251:5353 score=-0.006,LOW,ANOMALY
f757944e-7feb-4b85-bd06-04d91768703a,2025-10-06T00:57:31Z,192.168.12.143,alert,224.0.0.251:5353 score=-0.006,LOW,ANOMALY
8ef4827e-15e0-4ad6-83dd-b4fc17a045c8,2025-10-06T00:57:31Z,192.168.12.143,alert,224.0.0.251:5353 score=-0.006,LOW,ANOMALY
6e94af15-fc6d-4eb0-969c-54d37e553b16,2025-10-06T00:57:31Z,192.168.12.143,alert,224.0.0.251:5353 score=-0.006,LOW,ANOMALY
ec963c10-c277-4372-975b-f0a393ec1c66,2025-10-06T00:57:31Z,192.168.12.143,alert,224.0.0.251:5353 score=-0.006,LOW,ANOMALY
c54b3a04-a121-4486-be9b-e1c7f2335489,2025-10-06T00:57:31Z,192.168.12.143,alert,224.0.0.251:5353 score=-0.006,LOW,ANOMALY
a017618e-8c7f-4cb8-a7e2-6ddeb185dec5,2025-10-06T00:57:31Z,192.168.12.143,alert,224.0.0.251:5353 score=-0.006,LOW,ANOMALY
8787f465-82aa-4e2f-b835-f980388e50e5,2025-10-06T00:57:31Z,192.168.12.143,alert,224.0.0.251:5353 score=-0.006,LOW,ANOMALY
574acd8e-2640-479c-8f04-a6240fbbea69,2025-10-06T00:57:31Z,192.168.12.143,alert,224.0.0.251:5353 score=-0.006,LOW,ANOMALY
28e9d29f-5555-4f35-9cd5-321e39317437,2025-10-06T00:57:28Z,192.168.12.143,alert,224.0.0.251:5353 score=-0.064,MEDIUM,ANOMALY
02d31e79-db46-4258-ad98-12deb2003a45,2025-10-06T00:57:28Z,192.168.12.143,alert,224.0.0.251:5353 score=-0.064,MEDIUM,ANOMALY
f56d367f-259c-4889-99f6-75303dc8db9d,2025-10-06T00:57:28Z,192.168.12.143,alert,224.0.0.251:5353 score=-0.064,MEDIUM,ANOMALY
39a90170-87cb-440c-9772-464008f16586,2025-10-06T00:57:28Z,192.168.12.143,alert,224.0.0.251:5353 score=-0.006,LOW,ANOMALY
88c91c74-78a6-4a41-960c-34dc7fe0a715,2025-10-06T00:57:28Z,192.168.12.143,alert,224.0.0.251:5353 score=-0.006,LOW,ANOMALY
3e10e7ea-6a52-418b-81f3-089218f153c4,2025-10-06T00:57:27Z,192.168.12.143,alert,224.0.0.251:5353 score=-0.064,MEDIUM,ANOMALY
84b3b5a1-7c5e-4f25-8dda-0f38551e6660,2025-10-06T00:57:27Z,192.168.12.143,alert,224.0.0.251:5353 score=-0.064,MEDIUM,ANOMALY
5a9eaff5-c03f-49af-9e0d-6d0ebf84547a,2025-10-06T00:02:54Z,192.168.12.200,alert,224.0.0.251:5353 score=-0.044,LOW,ANOMALY
b507a0f6-35a5-4737-aac3-dececef0b7f8,2025-10-06T00:02:53Z,3.220.42.39,alert,192.168.12.152:57684 score=-0.040,LOW,ANOMALY
d6e0fc6a-2a33-4fe5-af95-9accd0860628,2025-10-06T00:02:53Z,3.220.42.39,alert,192.168.12.152:57684 score=-0.040,LOW,ANOMALY
3a894c01-90a2-409d-be11-4f18061ae412,2025-10-06T00:02:53Z,3.220.42.39,alert,192.168.12.152:57684 score=-0.040,LOW,ANOMALY
bc16d2a2-a423-4ed3-9b45-af9a9e033566,2025-10-06T00:02:53Z,192.168.12.200,alert,224.0.0.251:5353 score=-0.123,HIGH,ANOMALY
d7b306cf-148f-47fa-a38b-0ad2ba4a1fb2,2025-10-06T00:02:53Z,192.168.12.200,alert,224.0.0.251:5353 score=-0.123,HIGH,ANOMALY
536e3b7e-0362-4ae8-8476-1d1776aedbd8,2025-10-06T00:02:49Z,3.220.42.39,alert,192.168.12.152:57684 score=-0.040,LOW,ANOMALY
a9c5a09f-28ab-4bbd-8b09-c4f12594ab18,2025-10-06T00:02:49Z,3.220.42.39,alert,192.168.12.152:57684 score=-0.040,LOW,ANOMALY
c9fa66c1-5004-4a05-88fe-70c881501511,2025-10-06T00:02:44Z,3.220.42.39,alert,192.168.12.152:57684 score=-0.040,LOW,ANOMALY
188d5c77-e29a-46ea-896e-19fc71fe24f7,2025-10-06T00:02:43Z,3.220.42.39,alert,192.168.12.152:57684 score=-0.040,LOW,ANOMALY
e31608e5-45ae-4781-9477-488f1ce30a67,2025-10-06T00:02:43Z,3.220.42.39,alert,192.168.12.152:57684 score=-0.040,LOW,ANOMALY
2c432cd0-68b4-4e51-bd5a-c759ee37c6d4,2025-10-06T00:02:42Z,192.168.12.152,alert,3.220.42.39:123 score=-0.113,HIGH,ANOMALY
fec3946d-6754-4272-83a6-b0b28d421693,2025-10-06T00:02:42Z,3.220.42.39,alert,192.168.12.152:57684 score=-0.040,LOW,ANOMALY
8aaf5896-14e2-47bd-9c73-7a6c5a88e8d8,2025-10-06T00:02:41Z,192.168.12.152,alert,3.220.42.39:123 score=-0.113,HIGH,ANOMALY
66b60524-4c3d-4d2a-b287-108bd36536ea,2025-10-06T00:02:37Z,192.168.12.152,alert,204.17.205.24:123 score=-0.087,MEDIUM,ANOMALY
c349829e-d7fe-424e-81ad-7fc9edd576c5,2025-10-06T00:02:30Z,192.168.12.1,alert,192.168.12.152:54193 score=-0.037,LOW,ANOMALY
0a235a95-ce15-448a-b462-1d4dd8d6626e,2025-10-06T00:02:30Z,192.168.12.1,alert,port-scan-suspected 192.168.12.152:54193,HIGH,SIGNATURE
d975753e-0365-4678-9deb-90125ff2a90d,2025-10-06T00:02:30Z,192.168.12.1,alert,port-scan-suspected 192.168.12.152:36880,HIGH,SIGNATURE
5886026b-3a54-4113-baf1-7bd231759190,2025-10-06T00:02:30Z,192.168.12.1,alert,port-scan-suspected 192.168.12.152:36063,HIGH,SIGNATURE
2a9401aa-bc3e-421f-b173-a0ee09b594cb,2025-10-06T00:02:30Z,192.168.12.1,alert,port-scan-suspected 192.168.12.152:36063,HIGH,SIGNATURE
5506a63c-7af8-46bd-a47e-e7470d00cd2d,2025-10-06T00:02:30Z,192.168.12.1,alert,port-scan-suspected 192.168.12.152:36063,HIGH,SIGNATURE
1b045131-332d-409f-a086-f78b3ae57f45,2025-10-06T00:02:30Z,192.168.12.1,alert,port-scan-suspected 192.168.12.152:36063,HIGH,SIGNATURE
f9e2098d-c429-4631-91b9-5981cbef1b9e,2025-10-06T00:02:30Z,192.168.12.1,alert,port-scan-suspected 192.168.12.152:36063,HIGH,SIGNATURE
3695426e-ad28-4c97-afc9-8dc9d1eb7202,2025-10-06T00:02:29Z,192.168.12.1,alert,192.168.12.152:54606 score=-0.021,LOW,ANOMALY
599d0114-fdca-4bd9-9ea9-f8520e49f6dd,2025-10-06T00:02:29Z,192.168.12.1,alert,port-scan-suspected 192.168.12.152:54606,HIGH,SIGNATURE
e2ca80c6-ae72-4b9f-aee0-aa34662da1ae,2025-10-06T00:02:29Z,192.168.12.1,alert,192.168.12.152:54606 score=-0.021,LOW,ANOMALY
eaa2d443-d8b2-4bc4-bf04-2c37d492a41d,2025-10-06T00:02:29Z,192.168.12.1,alert,port-scan-suspected 192.168.12.152:54606,HIGH,SIGNATURE
5686e2df-5328-4da7-9fc0-54cff02bfe54,2025-10-06T00:02:29Z,192.168.12.1,alert,192.168.12.152:54606 score=-0.021,LOW,ANOMALY
244eb6e0-4e76-4bdc-b706-02c4ddad8044,2025-10-06T00:02:29Z,192.168.12.1,alert,port-scan-suspected 192.168.12.152:54606,HIGH,SIGNATURE
7c0b56ea-708a-4621-8f9c-19c99e040c40,2025-10-06T00:02:29Z,192.168.12.1,alert,192.168.12.152:54606 score=-0.021,LOW,ANOMALY
e31ebbcf-6eaa-4a07-856f-591be2559ab5,2025-10-06T00:02:29Z,192.168.12.1,alert,port-scan-suspected 192.168.12.152:54606,HIGH,SIGNATURE
fe61c36d-fd84-4ba5-92fd-394ffd8d9d6f,2025-10-06T00:02:29Z,192.168.12.1,alert,192.168.12.152:54606 score=-0.021,LOW,ANOMALY
0329100c-5955-484e-8e41-21d9bfb3a537,2025-10-06T00:02:29Z,192.168.12.1,alert,port-scan-suspected 192.168.12.152:54606,HIGH,SIGNATURE
84bd7b76-0740-41e0-9ac0-42497dbedad0,2025-10-06T00:02:29Z,192.168.12.1,alert,192.168.12.152:54606 score=-0.021,LOW,ANOMALY
4785ee50-61f2-41fd-b8fa-b67c5926dccb,2025-10-06T00:02:29Z,192.168.12.1,alert,port-scan-suspected 192.168.12.152:54606,HIGH,SIGNATURE
77f62944-ec24-41be-9c6e-3ff04ce7035c,2025-10-06T00:02:29Z,192.168.12.1,alert,192.168.12.152:54606 score=-0.021,LOW,ANOMALY
491fa4fd-c7e9-456c-b185-d3ce968ba487,2025-10-06T00:02:29Z,192.168.12.1,alert,port-scan-suspected 192.168.12.152:54606,HIGH,SIGNATURE
feb581e9-8864-4ff5-97ae-2b4576ada651,2025-10-06T00:02:29Z,192.168.12.1,alert,192.168.12.152:54606 score=-0.021,LOW,ANOMALY
ffd2b65a-5362-4386-89d9-2f6b695685eb,2025-10-06T00:02:29Z,192.168.12.1,alert,port-scan-suspected 192.168.12.152:54606,HIGH,SIGNATURE
36383557-b0f7-4dad-8c8b-c8059aafafb3,2025-10-06T00:02:29Z,192.168.12.1,alert,192.168.12.152:54606 score=-0.021,LOW,ANOMALY
24c0f991-d107-451c-8dda-c848fbb17fe2,2025-10-06T00:02:29Z,192.168.12.1,alert,port-scan-suspected 192.168.12.152:54606,HIGH,SIGNATURE
d95701e9-e023-4e87-a38d-c16d78ddcece,2025-10-06T00:02:29Z,192.168.12.1,alert,192.168.12.152:54606 score=-0.021,LOW,ANOMALY
f9099760-311b-4886-860b-87df39f6f8f4,2025-10-06T00:02:29Z,192.168.12.1,alert,port-scan-suspected 192.168.12.152:54606,HIGH,SIGNATURE
7adb96ba-f955-48ef-99bf-e20ccdd61476,2025-10-06T00:02:29Z,192.168.12.1,alert,192.168.12.152:54606 score=-0.021,LOW,ANOMALY
2472ad83-9467-4677-811c-951d8a11d8b8,2025-10-06T00:02:29Z,192.168.12.1,alert,port-scan-suspected 192.168.12.152:54606,HIGH,SIGNATURE
b0c2cfa4-5179-4e98-bc32-6b034939c597,2025-10-06T00:02:29Z,192.168.12.1,alert,192.168.12.152:54606 score=-0.021,LOW,ANOMALY
2972a5a4-5c33-488b-963b-d100578fbb0f,2025-10-06T00:02:29Z,192.168.12.1,alert,port-scan-suspected 192.168.12.152:54606,HIGH,SIGNATURE
58ef1448-55e6-4012-9d55-fe3eb0dc6d73,2025-10-06T00:02:29Z,192.168.12.1,alert,192.168.12.152:54606 score=-0.021,LOW,ANOMALY
805c1f7a-6370-46dd-ba53-2815864c255a,2025-10-06T00:02:29Z,192.168.12.1,alert,port-scan-suspected 192.168.12.152:54606,HIGH,SIGNATURE
24a56621-1292-49ad-9b55-468c114ea439,2025-10-06T00:02:29Z,192.168.12.1,alert,192.168.12.152:54606 score=-0.021,LOW,ANOMALY
bc83484c-b660-4410-a524-6c97b0d14820,2025-10-06T00:02:29Z,192.168.12.1,alert,port-scan-suspected 192.168.12.152:54606,HIGH,SIGNATURE
38e5e370-8d6d-4373-9d1d-e601d9fff308,2025-10-06T00:02:29Z,192.168.12.1,alert,192.168.12.152:54606 score=-0.021,LOW,ANOMALY
f0832fd6-fccc-4403-b536-dcf7fb9cac72,2025-10-06T00:02:29Z,192.168.12.1,alert,port-scan-suspected 192.168.12.152:54606,HIGH,SIGNATURE
078e2225-2270-4980-b239-36f3686523d1,2025-10-06T00:02:29Z,192.168.12.1,alert,192.168.12.152:54606 score=-0.021,LOW,ANOMALY
6edfe46a-6b23-4717-8804-ea481afec27e,2025-10-06T00:02:29Z,192.168.12.1,alert,port-scan-suspected 192.168.12.152:54606,HIGH,SIGNATURE
6ee14164-faf2-4235-be37-178f41fb8a8e,2025-10-06T00:02:29Z,192.168.12.1,alert,192.168.12.152:54606 score=-0.021,LOW,ANOMALY
122258fb-2b2f-4424-93d6-7cca506c15fa,2025-10-06T00:02:29Z,192.168.12.1,alert,port-scan-suspected 192.168.12.152:54606,HIGH,SIGNATURE
a6acc5e6-c807-4c14-828d-05b1ba065795,2025-10-06T00:02:29Z,192.168.12.1,alert,192.168.12.152:54606 score=-0.021,LOW,ANOMALY
24d4bb97-4e28-4c8d-b32c-9adcb46135d3,2025-10-06T00:02:29Z,192.168.12.1,alert,port-scan-suspected 192.168.12.152:54606,HIGH,SIGNATURE
951a82d8-8786-4fcc-b117-021104e7a0fc,2025-10-06T00:02:29Z,192.168.12.1,alert,192.168.12.152:54606 score=-0.021,LOW,ANOMALY
d3e12952-ff60-4228-b48a-1625702ae2a2,2025-10-06T00:02:29Z,192.168.12.1,alert,port-scan-suspected 192.168.12.152:54606,HIGH,SIGNATURE
e91f5db4-763e-428a-9b2d-28c0df17dc9d,2025-10-06T00:02:29Z,192.168.12.1,alert,192.168.12.152:54606 score=-0.021,LOW,ANOMALY
6f7d5d39-5fa9-43a0-889a-50adbd227a63,2025-10-06T00:02:29Z,192.168.12.1,alert,port-scan-suspected 192.168.12.152:54606,HIGH,SIGNATURE
6b4520ea-f38b-4637-b721-9468fd82fad3,2025-10-06T00:02:29Z,192.168.12.1,alert,192.168.12.152:54606 score=-0.021,LOW,ANOMALY
e8423b3b-ada7-4d56-8626-f892db074e8b,2025-10-06T00:02:29Z,192.168.12.1,alert,port-scan-suspected 192.168.12.152:54606,HIGH,SIGNATURE
e4e544af-714d-45d5-b2c6-094d6c9b89aa,2025-10-06T00:02:29Z,192.168.12.1,alert,192.168.12.152:54606 score=-0.021,LOW,ANOMALY
aeb06fc3-e019-4ee1-aaa3-e2b493780e91,2025-10-06T00:02:29Z,192.168.12.1,alert,port-scan-suspected 192.168.12.152:54606,HIGH,SIGNATURE
bba2342d-a37b-486c-9327-0c6ab40b75eb,2025-10-06T00:02:29Z,192.168.12.1,alert,192.168.12.152:54606 score=-0.021,LOW,ANOMALY
dac6168b-0556-49df-9b08-c084cc04502f,2025-10-06T00:02:29Z,192.168.12.1,alert,port-scan-suspected 192.168.12.152:54606,HIGH,SIGNATURE
761fcea9-1a89-4024-b960-32f279aacacb,2025-10-06T00:02:29Z,192.168.12.1,alert,192.168.12.152:54606 score=-0.021,LOW,ANOMALY
f7cd20a3-1e40-411b-8349-29732d1b4a13,2025-10-06T00:02:29Z,192.168.12.1,alert,port-scan-suspected 192.168.12.152:54606,HIGH,SIGNATURE
7446f2c3-1304-4605-af12-c03f2b0a6e52,2025-10-06T00:02:29Z,192.168.12.1,alert,192.168.12.152:54606 score=-0.021,LOW,ANOMALY
545ba3bf-deab-45ea-99b6-5ab747a93df1,2025-10-06T00:02:29Z,192.168.12.1,alert,port-scan-suspected 192.168.12.152:54606,HIGH,SIGNATURE
6c7737da-d73f-4a8a-8f18-f91db0e0308a,2025-10-06T00:02:29Z,192.168.12.1,alert,192.168.12.152:54606 score=-0.021,LOW,ANOMALY
201ff5f0-9948-4026-a65e-b230df1f45d2,2025-10-06T00:02:29Z,192.168.12.1,alert,port-scan-suspected 192.168.12.152:54606,HIGH,SIGNATURE
79caf25d-9e4a-4aa8-aa5a-8845e585cf48,2025-10-06T00:02:29Z,192.168.12.1,alert,192.168.12.152:54606 score=-0.021,LOW,ANOMALY
2b2f915e-d25c-4ede-9a6d-3f443cc6cb75,2025-10-06T00:02:29Z,192.168.12.1,alert,port-scan-suspected 192.168.12.152:54606,HIGH,SIGNATURE
00f1e0ff-2bd9-49eb-8704-4b749fa68bc7,2025-10-06T00:02:28Z,192.168.12.152,alert,192.168.12.1:53 score=-0.006,LOW,ANOMALY
c43ea1c0-ba2c-403e-802d-35e8179af675,2025-10-06T00:02:28Z,192.168.12.1,alert,192.168.12.152:34805 score=-0.024,LOW,ANOMALY
c53b823c-99b2-44c7-b894-3a88ce083f7d,2025-10-06T00:02:28Z,192.168.12.1,alert,port-scan-suspected 192.168.12.152:34805,HIGH,SIGNATURE
5de29baa-5000-4d18-9bdf-7297512522a3,2025-10-06T00:02:28Z,192.168.12.1,alert,port-scan-suspected 192.168.12.152:49568,HIGH,SIGNATURE
92a29016-4904-4ddc-9354-3f384728ac25,2025-10-06T00:02:28Z,192.168.12.1,alert,port-scan-suspected 192.168.12.152:49568,HIGH,SIGNATURE
64485764-b2cb-48cb-b786-092531e94950,2025-10-06T00:02:28Z,192.168.12.1,alert,port-scan-suspected 192.168.12.152:49568,HIGH,SIGNATURE
733b4f3f-f03c-4119-a799-b7511c22b333,2025-10-06T00:02:28Z,192.168.12.1,alert,port-scan-suspected 192.168.12.152:34046,HIGH,SIGNATURE
251b99cc-3375-4f61-998f-49970e909075,2025-10-06T00:02:28Z,192.168.12.1,alert,port-scan-suspected 192.168.12.152:34046,HIGH,SIGNATURE
ba9cdfa1-68aa-479a-95c7-d553540c44be,2025-10-06T00:02:28Z,192.168.12.1,alert,port-scan-suspected 192.168.12.152:34046,HIGH,SIGNATURE
8a59e901-59c9-482b-800a-e86d533b86dc,2025-10-06T00:02:28Z,192.168.12.1,alert,port-scan-suspected 192.168.12.152:34046,HIGH,SIGNATURE
3bd7c232-9581-41bc-b908-42c04026f8d4,2025-10-06T00:02:27Z,192.168.12.1,alert,port-scan-suspected 192.168.12.152:33397,HIGH,SIGNATURE
129d49ac-8b7d-462c-9b2c-3d14bb2758ee,2025-10-06T00:02:27Z,192.168.12.1,alert,192.168.12.152:33397 score=-0.026,LOW,ANOMALY
e5fab9e6-f0f2-48f3-9e86-829451bbcb53,2025-10-06T00:02:27Z,192.168.12.1,alert,port-scan-suspected 192.168.12.152:33397,HIGH,SIGNATURE
0e409a64-68ea-4310-9ca6-fbdc93487848,2025-10-06T00:02:27Z,192.168.12.1,alert,192.168.12.152:33397 score=-0.026,LOW,ANOMALY
f9312cb7-dc11-4c0a-b8c5-2f46ca4b402c,2025-10-06T00:02:27Z,192.168.12.1,alert,port-scan-suspected 192.168.12.152:33397,HIGH,SIGNATURE
afe4c730-c13c-4db2-8844-1252bc0e10df,2025-10-06T00:02:27Z,192.168.12.1,alert,192.168.12.152:33397 score=-0.026,LOW,ANOMALY
7bb6a130-751f-4610-87e3-017b2493382e,2025-10-06T00:02:27Z,192.168.12.1,alert,port-scan-suspected 192.168.12.152:33397,HIGH,SIGNATURE
98db70fd-dd4f-4783-aaf8-62fae831d415,2025-10-06T00:02:27Z,192.168.12.1,alert,192.168.12.152:33397 score=-0.026,LOW,ANOMALY
033a6304-8196-46cd-836b-99937ca3d286,2025-10-06T00:02:27Z,192.168.12.1,alert,port-scan-suspected 192.168.12.152:33397,HIGH,SIGNATURE
a764a7bc-3542-4bc1-987b-c83c0975800c,2025-10-06T00:02:27Z,192.168.12.1,alert,192.168.12.152:33397 score=-0.026,LOW,ANOMALY
425ea7e6-80e0-4afb-b8e2-1bb18c3b5618,2025-10-06T00:02:27Z,192.168.12.1,alert,port-scan-suspected 192.168.12.152:33397,HIGH,SIGNATURE
667bfc48-8b77-42e8-9818-848e474ea619,2025-10-06T00:02:27Z,192.168.12.1,alert,192.168.12.152:33397 score=-0.026,LOW,ANOMALY
55dd8b37-de95-4ba6-a750-95c0ad41a37d,2025-10-06T00:02:27Z,192.168.12.1,alert,port-scan-suspected 192.168.12.152:33397,HIGH,SIGNATURE
9b373554-4189-4ed2-9915-e7d7d30e37df,2025-10-06T00:02:27Z,192.168.12.1,alert,192.168.12.152:33397 score=-0.026,LOW,ANOMALY
f1bafede-9811-405d-bcae-5198199af2d9,2025-10-06T00:02:27Z,192.168.12.1,alert,port-scan-suspected 192.168.12.152:33397,HIGH,SIGNATURE
1f0e231c-75dd-4c4b-92f3-4928823a0b9b,2025-10-06T00:02:27Z,192.168.12.1,alert,192.168.12.152:33397 score=-0.026,LOW,ANOMALY
255c7756-f07f-4017-8cd7-2fbbaf4d2bdb,2025-10-06T00:02:27Z,192.168.12.1,alert,port-scan-suspected 192.168.12.152:33397,HIGH,SIGNATURE
5e9896b8-68d0-4539-95ea-c0ebaeb933f2,2025-10-06T00:02:27Z,192.168.12.1,alert,192.168.12.152:33397 score=-0.026,LOW,ANOMALY
561385f4-5788-4eaa-bfe0-bde18ec1048b,2025-10-06T00:02:27Z,192.168.12.1,alert,port-scan-suspected 192.168.12.152:33397,HIGH,SIGNATURE
40cb52b5-1ea9-4a88-bd77-4ea7ef917cb9,2025-10-06T00:02:26Z,192.168.12.1,alert,port-scan-suspected 192.168.12.152:40491,HIGH,SIGNATURE
36082e10-bd89-4c05-b77e-d047b345e76f,2025-10-06T00:02:26Z,192.168.12.1,alert,port-scan-suspected 192.168.12.152:53641,HIGH,SIGNATURE
c1ceb3c8-0eaa-4a94-ac4d-e411966ccff6,2025-10-06T00:02:26Z,192.168.12.1,alert,port-scan-suspected 192.168.12.152:33404,HIGH,SIGNATURE
0b3bd032-d7b5-4a42-ac79-b2b0d6157d22,2025-10-06T00:02:26Z,192.168.12.1,alert,port-scan-suspected 192.168.12.152:33404,HIGH,SIGNATURE
c72713c8-18d7-4a8b-97bd-9382679f91d6,2025-10-06T00:02:26Z,192.168.12.1,alert,port-scan-suspected 192.168.12.152:33404,HIGH,SIGNATURE
313ddfc6-4fbc-41da-9b6e-450e20afb45a,2025-10-06T00:02:26Z,192.168.12.1,alert,port-scan-suspected 192.168.12.152:33404,HIGH,SIGNATURE
fda97eb3-ed19-427f-b936-cfbdd692a3f8,2025-10-06T00:02:26Z,192.168.12.1,alert,port-scan-suspected 192.168.12.152:33404,HIGH,SIGNATURE
d8f72f1f-6a2d-472f-91a6-61b329ad83a5,2025-10-06T00:02:26Z,192.168.12.1,alert,port-scan-suspected 192.168.12.152:33404,HIGH,SIGNATURE
e5ab5598-e199-4798-99a9-7f9d73fd5702,2025-10-06T00:02:26Z,192.168.12.1,alert,port-scan-suspected 192.168.12.152:33404,HIGH,SIGNATURE
9abbc9c6-e2e7-4eea-bc19-068f0ae566e4,2025-10-06T00:02:26Z,192.168.12.1,alert,192.168.12.152:33397 score=-0.026,LOW,ANOMALY
1ea38085-6f54-40a5-b414-513f5441c619,2025-10-06T00:02:26Z,192.168.12.1,alert,port-scan-suspected 192.168.12.152:33397,HIGH,SIGNATURE
62795dc1-ac89-4f8a-9f6c-1e4839ad1640,2025-10-06T00:02:26Z,192.168.12.1,alert,192.168.12.152:33397 score=-0.026,LOW,ANOMALY
e261f31b-19b3-4499-8197-f67026bba2b6,2025-10-06T00:02:26Z,192.168.12.1,alert,port-scan-suspected 192.168.12.152:33397,HIGH,SIGNATURE
51386202-db0f-49d2-8f09-89eab2593120,2025-10-06T00:02:26Z,192.168.12.1,alert,192.168.12.152:33397 score=-0.026,LOW,ANOMALY
9d8cfe1e-62c7-4979-a4e4-d82140b59ef7,2025-10-06T00:02:26Z,192.168.12.1,alert,port-scan-suspected 192.168.12.152:33397,HIGH,SIGNATURE
081a6697-07f6-430a-af3e-c09b077512ad,2025-10-06T00:02:26Z,192.168.12.1,alert,192.168.12.152:33397 score=-0.026,LOW,ANOMALY
45499c93-9ed0-49c5-94fe-59986e205b99,2025-10-06T00:02:25Z,142.250.217.138,alert,192.168.12.152:36918 score=-0.007,LOW,ANOMALY
48baf187-274b-4586-a902-852899a975be,2025-10-06T00:02:25Z,142.250.217.138,alert,192.168.12.152:36918 score=-0.012,LOW,ANOMALY
7b5ff3aa-e39d-4554-9efc-e66d39e53b80,2025-10-06T00:02:24Z,192.168.12.1,alert,port-scan-suspected 192.168.12.152:43424,HIGH,SIGNATURE
5a5136f5-c662-4380-a7fa-268345335604,2025-10-06T00:02:24Z,192.168.12.1,alert,port-scan-suspected 192.168.12.152:43424,HIGH,SIGNATURE
6efb7f23-f99c-4abe-8eb2-3b8538475a4c,2025-10-06T00:02:24Z,192.168.12.1,alert,port-scan-suspected 192.168.12.152:43424,HIGH,SIGNATURE
aa827066-7386-4b35-a634-9404a8e5533f,2025-10-06T00:02:24Z,192.168.12.1,alert,port-scan-suspected 192.168.12.152:36686,HIGH,SIGNATURE
02a3d9cd-0796-4670-8b8f-bbe4599d11d3,2025-10-06T00:02:24Z,192.168.12.1,alert,port-scan-suspected 192.168.12.152:36686,HIGH,SIGNATURE
51dd866c-9b84-422d-910b-d341ada3b1de,2025-10-06T00:02:24Z,192.168.12.1,alert,port-scan-suspected 192.168.12.152:36686,HIGH,SIGNATURE
4eae3ab9-93ec-4cbf-99d7-bb833a4be857,2025-10-06T00:02:24Z,192.168.12.1,alert,port-scan-suspected 192.168.12.152:36686,HIGH,SIGNATURE
545da29f-6e28-4d9a-aec2-820f61ab9c71,2025-10-06T00:02:24Z,192.168.12.1,alert,port-scan-suspected 192.168.12.152:36686,HIGH,SIGNATURE
ff2550dd-2470-4741-bbac-5d21592043e1,2025-10-06T00:02:24Z,192.168.12.1,alert,port-scan-suspected 192.168.12.152:36686,HIGH,SIGNATURE
69fa4307-0995-4661-9b19-a3641b31e788,2025-10-06T00:02:24Z,192.168.12.1,alert,port-scan-suspected 192.168.12.152:36686,HIGH,SIGNATURE
39f7def4-a422-41a8-ab0e-1a23c7b09207,2025-10-06T00:02:24Z,192.168.12.1,alert,port-scan-suspected 192.168.12.152:36686,HIGH,SIGNATURE
59a0ba31-3865-4fb4-b165-e8c5f39e9045,2025-10-06T00:02:24Z,192.168.12.1,alert,port-scan-suspected 192.168.12.152:36686,HIGH,SIGNATURE
a23aedbd-660c-43ef-9b7d-cb00d7226539,2025-10-06T00:02:24Z,192.168.12.1,alert,port-scan-suspected 192.168.12.152:36686,HIGH,SIGNATURE
26258402-41f7-41fe-bbb8-c022f380b681,2025-10-06T00:02:24Z,192.168.12.1,alert,port-scan-suspected 192.168.12.152:36686,HIGH,SIGNATURE
bc51f10e-7cb1-4e5e-9a06-012e8f682909,2025-10-06T00:02:24Z,192.168.12.1,alert,port-scan-suspected 192.168.12.152:36686,HIGH,SIGNATURE
8b19d1a1-184e-4986-8c52-0e871f4e3f5a,2025-10-06T00:02:24Z,192.168.12.1,alert,port-scan-suspected 192.168.12.152:36686,HIGH,SIGNATURE
174b28e2-f7bd-4f9b-b814-184852c3360e,2025-10-06T00:02:24Z,192.168.12.1,alert,port-scan-suspected 192.168.12.152:36686,HIGH,SIGNATURE
b3853d42-20a9-4a88-955d-49741122dc56,2025-10-06T00:02:24Z,192.168.12.1,alert,port-scan-suspected 192.168.12.152:36686,HIGH,SIGNATURE
be6c957a-d0ac-41b0-86f4-63a9fa5c49e8,2025-10-06T00:02:24Z,192.168.12.1,alert,port-scan-suspected 192.168.12.152:36686,HIGH,SIGNATURE
268e086d-5dc2-406f-9b68-b97bc1716462,2025-10-06T00:02:24Z,192.168.12.1,alert,port-scan-suspected 192.168.12.152:36686,HIGH,SIGNATURE
3780847d-334d-40f7-936c-8c68772fede7,2025-10-06T00:02:24Z,192.168.12.1,alert,port-scan-suspected 192.168.12.152:36686,HIGH,SIGNATURE
d62487e1-1965-4967-9f65-7ccd964134f8,2025-10-06T00:02:24Z,192.168.12.1,alert,port-scan-suspected 192.168.12.152:36686,HIGH,SIGNATURE
49ec0207-c8fe-42e2-96a4-d40cf0a7309f,2025-10-06T00:02:24Z,192.168.12.1,alert,port-scan-suspected 192.168.12.152:36686,HIGH,SIGNATURE
bc82b7f6-316b-4236-a113-ff090997436c,2025-10-06T00:02:24Z,192.168.12.1,alert,port-scan-suspected 192.168.12.152:36686,HIGH,SIGNATURE
1a84370c-0baf-43c9-83c5-bc49e4fe4fc3,2025-10-06T00:02:24Z,192.168.12.1,alert,port-scan-suspected 192.168.12.152:36686,HIGH,SIGNATURE
40100fd1-4dc3-4cd0-8a25-f54a38803d26,2025-10-06T00:02:24Z,192.168.12.1,alert,port-scan-suspected 192.168.12.152:36686,HIGH,SIGNATURE
96a8fa64-16ba-4ff9-9539-d40f286a7947,2025-10-06T00:02:24Z,192.168.12.1,alert,port-scan-suspected 192.168.12.152:36686,HIGH,SIGNATURE
2106c9cc-047b-4e02-9279-96368d0e0925,2025-10-06T00:02:24Z,192.168.12.1,alert,port-scan-suspected 192.168.12.152:36686,HIGH,SIGNATURE
511e7a15-2bde-401d-9b04-2c404cda9d0d,2025-10-06T00:02:24Z,192.168.12.1,alert,port-scan-suspected 192.168.12.152:36686,HIGH,SIGNATURE
082e9657-8af6-4003-b283-c6bb1ed3c831,2025-10-06T00:02:24Z,192.168.12.1,alert,port-scan-suspected 192.168.12.152:36686,HIGH,SIGNATURE
26c190ee-6029-41ab-962d-07637e84fc34,2025-10-06T00:02:24Z,192.168.12.1,alert,port-scan-suspected 192.168.12.152:36686,HIGH,SIGNATURE
73ede28f-e0e8-40cd-bf02-eec936e68b88,2025-10-06T00:02:24Z,192.168.12.1,alert,port-scan-suspected 192.168.12.152:36686,HIGH,SIGNATURE
43208b5f-14a3-4ad1-ad88-6445483d4bee,2025-10-06T00:02:24Z,192.168.12.1,alert,port-scan-suspected 192.168.12.152:36686,HIGH,SIGNATURE
76f15f41-4eab-4495-a4a9-cb443b5186c2,2025-10-06T00:02:24Z,192.168.12.1,alert,port-scan-suspected 192.168.12.152:36686,HIGH,SIGNATURE
e994d72c-3d2b-427e-812a-bbaf89aa8b84,2025-10-06T00:02:24Z,192.168.12.1,alert,port-scan-suspected 192.168.12.152:36686,HIGH,SIGNATURE
5f74c37a-9a68-4b53-8d3f-c702c0e5ab8d,2025-10-06T00:02:24Z,192.168.12.1,alert,port-scan-suspected 192.168.12.152:36686,HIGH,SIGNATURE
045bcd4d-0fdf-4f58-a228-c5bb3c7a7e54,2025-10-06T00:02:24Z,192.168.12.1,alert,port-scan-suspected 192.168.12.152:36686,HIGH,SIGNATURE
d50e3d14-a2c9-4664-a2c2-ba8ca8b10ef4,2025-10-06T00:02:24Z,192.168.12.1,alert,port-scan-suspected 192.168.12.152:36686,HIGH,SIGNATURE
86e35d8d-7e62-456e-a980-fbea4371a80d,2025-10-06T00:02:24Z,142.250.72.145,alert,192.168.12.152:46388 score=-0.015,LOW,ANOMALY
f63d1900-0df2-453e-b492-dc2a92c9ed61,2025-10-06T00:02:24Z,142.250.72.145,alert,192.168.12.152:46388 score=-0.002,LOW,ANOMALY
086e5424-5f78-45b2-91a0-ed5ca7625c20,2025-10-06T00:02:23Z,142.251.40.36,alert,192.168.12.152:58988 score=-0.011,LOW,ANOMALY
eb6c03ce-c5cf-4f59-8b9f-12fdf2232800,2025-10-06T00:02:23Z,142.251.40.36,alert,192.168.12.152:58988 score=-0.011,LOW,ANOMALY
6a37da6d-8f6a-4dc5-8a3e-9fbbf37c5e33,2025-10-06T00:02:23Z,142.251.40.36,alert,192.168.12.152:58988 score=-0.011,LOW,ANOMALY
2a2a3956-bae9-47da-8d5b-8334f71cc169,2025-10-06T00:02:23Z,192.168.12.1,alert,port-scan-suspected 192.168.12.152:38017,HIGH,SIGNATURE
0f417c3d-046f-45f5-8ac6-34a01933516b,2025-10-06T00:02:23Z,192.168.12.1,alert,port-scan-suspected 192.168.12.152:59250,HIGH,SIGNATURE
cf30dbf6-5753-4272-80e6-dcda9d2edd78,2025-10-06T00:02:23Z,192.168.12.1,alert,port-scan-suspected 192.168.12.152:53818,HIGH,SIGNATURE
f8e59c19-6516-42ec-823c-c028a4eb7a16,2025-10-06T00:02:23Z,192.168.12.1,alert,192.168.12.152:46018 score=-0.010,LOW,ANOMALY
9add37cc-dcb1-4d13-b174-96ae8ffa7a74,2025-10-06T00:02:23Z,192.168.12.1,alert,port-scan-suspected 192.168.12.152:46018,HIGH,SIGNATURE
905cdcb3-c18f-4b06-9efe-65d8be0b0e2f,2025-10-06T00:02:23Z,192.168.12.1,alert,port-scan-suspected 192.168.12.152:40438,HIGH,SIGNATURE
968c8381-df5e-43db-9976-5f93fc754c7b,2025-10-06T00:02:23Z,192.168.12.1,alert,port-scan-suspected 192.168.12.152:40238,HIGH,SIGNATURE
e4f5378c-db35-49c7-b7be-fdaa0247d59c,2025-10-06T00:02:23Z,192.168.12.1,alert,port-scan-suspected 192.168.12.152:39179,HIGH,SIGNATURE
e901fe69-91f1-46f9-b309-5fd4d35c10eb,2025-10-06T00:02:23Z,192.168.12.1,alert,port-scan-suspected 192.168.12.152:53563,HIGH,SIGNATURE
524d9452-0d31-4b2b-8b5a-66923c875396,2025-10-06T00:02:23Z,192.168.12.1,alert,port-scan-suspected 192.168.12.152:43424,HIGH,SIGNATURE
fd2ceb17-e430-4a62-b413-29d555a24efc,2025-10-06T00:02:23Z,192.168.12.1,alert,port-scan-suspected 192.168.12.152:43424,HIGH,SIGNATURE
50202cb5-7bd0-48cf-bada-3fd719e617bd,2025-10-06T00:02:23Z,192.168.12.1,alert,port-scan-suspected 192.168.12.152:43424,HIGH,SIGNATURE
13fc8227-988c-476e-a4ba-7ab5e0ee6308,2025-10-06T00:02:23Z,192.168.12.1,alert,port-scan-suspected 192.168.12.152:43424,HIGH,SIGNATURE
0df14ec1-4db5-445b-b2f3-658615783044,2025-10-06T00:02:23Z,192.168.12.1,alert,port-scan-suspected 192.168.12.152:43424,HIGH,SIGNATURE
3fef4b1d-606c-46be-8d5b-d5717130ae70,2025-10-06T00:02:23Z,192.168.12.1,alert,port-scan-suspected 192.168.12.152:43424,HIGH,SIGNATURE
646b5cc6-fd59-48e1-adc3-772d2f3390e1,2025-10-06T00:02:23Z,192.168.12.1,alert,port-scan-suspected 192.168.12.152:43424,HIGH,SIGNATURE
2f13a412-dc6f-4065-b43a-7e6dc5459734,2025-10-06T00:02:23Z,192.168.12.1,alert,port-scan-suspected 192.168.12.152:43424,HIGH,SIGNATURE
16ec476f-4aaa-44a3-8966-30bc0e70a542,2025-10-06T00:02:23Z,192.168.12.1,alert,port-scan-suspected 192.168.12.152:43424,HIGH,SIGNATURE
1d8600d9-c4f2-49ff-b68c-b0ed2a537019,2025-10-06T00:02:23Z,192.168.12.1,alert,port-scan-suspected 192.168.12.152:43424,HIGH,SIGNATURE
7db82a9a-399c-471a-be5f-909a30e8c699,2025-10-06T00:02:23Z,192.168.12.1,alert,port-scan-suspected 192.168.12.152:43424,HIGH,SIGNATURE
b633919a-5afd-4181-b200-6e3329ec3cf6,2025-10-06T00:02:23Z,192.168.12.1,alert,port-scan-suspected 192.168.12.152:43424,HIGH,SIGNATURE
0b882f4a-ad4f-4931-a69f-86b085f37ab5,2025-10-06T00:02:22Z,140.82.116.3,alert,192.168.12.152:47798 score=-0.038,LOW,ANOMALY
ceebd45f-b405-4fc8-bbe0-eeed71b2b87a,2025-10-06T00:02:22Z,140.82.116.3,alert,192.168.12.152:47798 score=-0.038,LOW,ANOMALY
6e4fb8f1-1ec4-43e1-bb80-caf0aa4ef86b,2025-10-06T00:02:22Z,140.82.116.3,alert,192.168.12.152:47798 score=-0.038,LOW,ANOMALY
3c1f1c21-e811-4de7-b6d9-5e71bb56a1ea,2025-10-06T00:02:22Z,140.82.116.3,alert,192.168.12.152:47798 score=-0.038,LOW,ANOMALY
368bc489-4ca8-4011-bb5c-7c3a4a6d642b,2025-10-06T00:02:22Z,140.82.116.3,alert,192.168.12.152:47798 score=-0.038,LOW,ANOMALY
7732bfed-27ef-40d4-b27f-0bc2be13024e,2025-10-06T00:02:22Z,140.82.116.3,alert,192.168.12.152:47798 score=-0.038,LOW,ANOMALY
05c65f82-1c64-423c-a635-a65baaece027,2025-10-06T00:02:22Z,140.82.116.3,alert,192.168.12.152:47798 score=-0.038,LOW,ANOMALY
a89bc78b-212e-441f-93bd-144794011c98,2025-10-06T00:02:22Z,140.82.116.3,alert,192.168.12.152:47798 score=-0.038,LOW,ANOMALY
3e392406-22a1-478a-96c2-78aeb5ee1d50,2025-10-06T00:02:22Z,140.82.116.3,alert,192.168.12.152:47798 score=-0.038,LOW,ANOMALY
df052397-c5b4-4830-8556-61eac6805bbc,2025-10-06T00:02:22Z,140.82.116.3,alert,192.168.12.152:47798 score=-0.038,LOW,ANOMALY
d58d5d81-6ccf-4cfa-b591-e43a36744c4e,2025-10-06T00:02:22Z,140.82.116.3,alert,192.168.12.152:47798 score=-0.038,LOW,ANOMALY
55f85ae0-d781-4ae5-9014-94e6fd0bb4a2,2025-10-06T00:02:22Z,140.82.116.3,alert,192.168.12.152:47798 score=-0.038,LOW,ANOMALY
3ce71ce4-6f62-4c5f-af7c-7d7166419ffa,2025-10-06T00:02:22Z,142.251.40.36,alert,192.168.12.152:58988 score=-0.011,LOW,ANOMALY
21c4abde-5434-4da1-86fb-189ad033c19b,2025-10-06T00:02:22Z,142.251.40.36,alert,192.168.12.152:58988 score=-0.011,LOW,ANOMALY
afced8a6-1850-46d9-8ece-c03d1f748e3e,2025-10-06T00:02:22Z,142.251.40.36,alert,192.168.12.152:58988 score=-0.011,LOW,ANOMALY
3dee11c8-31f8-406d-a77b-6bfe0b213032,2025-10-06T00:02:22Z,142.251.40.36,alert,192.168.12.152:58988 score=-0.011,LOW,ANOMALY
b0082970-5a73-4c88-a22f-8df21a8e877f,2025-10-06T00:02:22Z,142.251.40.36,alert,192.168.12.152:58988 score=-0.011,LOW,ANOMALY
17046f83-f50d-4d08-9f9e-5c3cc52876c4,2025-10-06T00:02:21Z,192.168.12.152,alert,142.251.40.36:443 score=-0.013,LOW,ANOMALY
a7dcbfbc-e91f-4efc-9a97-26a59d6a2281,2025-10-06T00:02:21Z,142.251.40.36,alert,192.168.12.152:59014 score=-0.010,LOW,ANOMALY
61e335c9-1925-4294-832d-6df547ec6639,2025-10-06T00:02:21Z,192.168.12.152,alert,142.251.40.36:443 score=-0.050,MEDIUM,ANOMALY
aecb8ccd-23bf-4d3f-80ee-a981d57733c8,2025-10-06T00:02:21Z,142.251.40.36,alert,192.168.12.152:59014 score=-0.038,LOW,ANOMALY
48c2417c-cd57-41b3-994a-c25a729a2821,2025-10-06T00:02:21Z,142.251.40.36,alert,192.168.12.152:59002 score=-0.037,LOW,ANOMALY
2f8f9d89-d5f3-45cc-bfaa-9e352d03faa6,2025-10-06T00:02:21Z,142.251.40.36,alert,192.168.12.152:58988 score=-0.036,LOW,ANOMALY
efffef0a-89ce-48fc-8107-0222b120e08a,2025-10-06T00:02:21Z,142.251.40.36,alert,192.168.12.152:58988 score=-0.036,LOW,ANOMALY
9fa8347c-aa8f-40ed-b5bc-8255c7a55ce2,2025-10-06T00:02:21Z,192.168.12.152,alert,142.251.40.36:443 score=-0.009,LOW,ANOMALY
201e5ea8-c203-48cc-8338-fd2da459dca9,2025-10-06T00:02:21Z,192.168.12.152,alert,142.251.40.36:443 score=-0.009,LOW,ANOMALY
5385657d-039a-4e3f-baf2-c3df01990e77,2025-10-06T00:02:21Z,140.82.116.3,alert,192.168.12.152:47798 score=-0.038,LOW,ANOMALY
cdae0081-d9cd-4c6b-969f-e527ef3cc02a,2025-10-06T00:02:21Z,140.82.116.3,alert,192.168.12.152:47798 score=-0.038,LOW,ANOMALY
9d270638-7e83-4b75-ac80-76383427635d,2025-10-06T00:02:21Z,140.82.116.3,alert,192.168.12.152:47798 score=-0.038,LOW,ANOMALY
6cc4290a-0291-4155-987c-9cd9965961f4,2025-10-06T00:02:21Z,140.82.116.3,alert,192.168.12.152:47798 score=-0.038,LOW,ANOMALY
5bae5116-abfe-4607-ac35-8eddcdaf89d9,2025-10-06T00:02:21Z,140.82.116.3,alert,192.168.12.152:47798 score=-0.038,LOW,ANOMALY
092687df-a505-4d07-aecf-55d84ca38304,2025-10-06T00:02:20Z,192.168.12.152,alert,142.251.40.36:443 score=-0.034,LOW,ANOMALY
e4786c4f-b2b2-440d-be28-37a12800ead9,2025-10-06T00:02:20Z,192.168.12.152,alert,142.251.40.36:443 score=-0.031,LOW,ANOMALY
004665a5-59f0-4794-936d-28937216cba1,2025-10-06T00:02:20Z,34.120.208.123,alert,192.168.12.152:36798 score=-0.019,LOW,ANOMALY
3bfb5da1-7eb6-41b4-9593-985c553a898b,2025-10-06T00:02:20Z,192.168.12.152,alert,142.251.40.36:443 score=-0.035,LOW,ANOMALY
64bae6f9-cb0e-4403-9abc-b7918366eb26,2025-10-06T00:02:20Z,192.168.12.1,alert,port-scan-suspected 192.168.12.152:58058,HIGH,SIGNATURE
99605b00-502f-45d8-a4fd-86658de008d0,2025-10-06T00:02:20Z,192.168.12.1,alert,port-scan-suspected 192.168.12.152:33909,HIGH,SIGNATURE
6bc712db-73cc-416e-b7a4-3e9d79878c6f,2025-10-06T00:02:20Z,192.168.12.1,alert,port-scan-suspected 192.168.12.152:56010,HIGH,SIGNATURE
7b102572-b839-41ec-972e-d2d763abe653,2025-10-06T00:02:20Z,192.168.12.1,alert,port-scan-suspected 192.168.12.152:53328,HIGH,SIGNATURE
1b648f29-b1bb-4aec-b126-8ccb787e37b4,2025-10-06T00:02:20Z,192.168.12.1,alert,port-scan-suspected 192.168.12.152:53037,HIGH,SIGNATURE
5a7643db-d62e-4ffe-87ee-fe8793527161,2025-10-06T00:02:20Z,192.168.12.1,alert,port-scan-suspected 192.168.12.152:58948,HIGH,SIGNATURE
d7089d67-37d2-4553-9a58-3e918f892532,2025-10-06T00:02:20Z,34.120.208.123,alert,192.168.12.152:36800 score=-0.020,LOW,ANOMALY
f5101886-0845-4266-92d6-36716dacc5d0,2025-10-06T00:02:20Z,140.82.116.3,alert,192.168.12.152:47798 score=-0.005,LOW,ANOMALY
3d4e616e-3045-411b-8c94-40b29b81903a,2025-10-06T00:02:20Z,142.251.40.36,alert,192.168.12.152:59002 score=-0.040,LOW,ANOMALY
ac680c30-49ad-4215-8eea-883370cb65dc,2025-10-06T00:02:20Z,192.168.12.152,alert,142.251.40.36:443 score=-0.038,LOW,ANOMALY
a6109ec8-a79e-425c-bd4c-2322343f7d75,2025-10-06T00:02:20Z,192.168.12.152,alert,142.251.40.36:443 score=-0.038,LOW,ANOMALY
43625fab-d97d-4119-9ec9-7b3bc33195ab,2025-10-06T00:02:20Z,192.168.12.152,alert,142.251.40.36:443 score=-0.050,LOW,ANOMALY
f4dad168-664b-45ee-ae63-8f8ceca9681b,2025-10-06T00:02:20Z,192.168.12.152,alert,142.251.40.36:443 score=-0.045,LOW,ANOMALY
73afe3f9-6679-4001-98b8-41436c355787,2025-10-06T00:02:19Z,192.168.12.1,alert,port-scan-suspected 192.168.12.152:53225,HIGH,SIGNATURE
f2af37a8-8f7c-4023-b8a1-72b3d23b9fda,2025-10-06T00:02:19Z,192.168.12.1,alert,port-scan-suspected 192.168.12.152:38042,HIGH,SIGNATURE
c791761c-958c-4930-9261-7c5fe0f173b9,2025-10-06T00:02:19Z,192.168.12.1,alert,192.168.12.152:49682 score=-0.002,LOW,ANOMALY
55bddd56-cc61-40f8-b5e8-a07fdc1413f4,2025-10-06T00:02:19Z,192.168.12.1,alert,port-scan-suspected 192.168.12.152:49682,HIGH,SIGNATURE
8a79cc37-e5de-40c1-a71b-79536c41a9ac,2025-10-06T00:02:19Z,192.168.12.1,alert,port-scan-suspected 192.168.12.152:40814,HIGH,SIGNATURE
703001fe-90b8-4c8b-a91f-4a1b61b60d66,2025-10-06T00:02:19Z,192.168.12.1,alert,port-scan-suspected 192.168.12.152:41341,HIGH,SIGNATURE
2892a8ea-d391-4c99-8324-20f3fc99c550,2025-10-06T00:02:19Z,192.168.12.1,alert,port-scan-suspected 192.168.12.152:41341,HIGH,SIGNATURE
79b9b551-cb21-4f4a-924c-72c94b82cace,2025-10-06T00:02:19Z,192.168.12.1,alert,port-scan-suspected 192.168.12.152:41341,HIGH,SIGNATURE
5dd2ab7a-856e-4f2d-ac1d-81ebafee0eaf,2025-10-06T00:02:19Z,192.168.12.1,alert,port-scan-suspected 192.168.12.152:41341,HIGH,SIGNATURE
049f85da-3949-41aa-bee3-7f4a29c43cb9,2025-10-06T00:02:19Z,192.168.12.1,alert,port-scan-suspected 192.168.12.152:41341,HIGH,SIGNATURE
e1275ba7-06e4-4ba6-8767-cb63b3802eba,2025-10-06T00:02:19Z,192.168.12.1,alert,port-scan-suspected 192.168.12.152:41341,HIGH,SIGNATURE
3e13eec2-ed5d-462d-bd9c-6789208d86a2,2025-10-06T00:02:19Z,34.120.208.123,alert,192.168.12.152:36798 score=-0.018,LOW,ANOMALY
bc913020-1bc1-41f0-b2e0-00b6d2cf184e,2025-10-06T00:02:18Z,34.36.137.203,alert,192.168.12.152:44086 score=-0.002,LOW,ANOMALY
700d909b-8f00-4e5f-a6a2-c16d1f4a4e42,2025-10-06T00:02:18Z,192.168.12.152,alert,34.36.137.203:443 score=-0.009,LOW,ANOMALY
3e82649a-1a6b-4bce-a6d0-c2f33dcb7207,2025-10-06T00:02:18Z,192.168.12.1,alert,port-scan-suspected 192.168.12.152:40498,HIGH,SIGNATURE
ba7fd562-3f7d-4bbc-99bd-c3c3d85b971d,2025-10-06T00:02:18Z,192.168.12.1,alert,port-scan-suspected 192.168.12.152:45081,HIGH,SIGNATURE
0778aa2c-da1b-4d29-85ca-1473f92656b8,2025-10-06T00:02:18Z,192.168.12.1,alert,port-scan-suspected 192.168.12.152:45414,HIGH,SIGNATURE
9815461e-66a4-443a-bec4-e007cb57800c,2025-10-06T00:02:18Z,192.168.12.1,alert,port-scan-suspected 192.168.12.152:55767,HIGH,SIGNATURE
8668260f-bc27-47d5-bda6-1317266db028,2025-10-06T00:02:18Z,192.168.12.1,alert,port-scan-suspected 192.168.12.152:40869,HIGH,SIGNATURE
9bca8c13-3733-4acc-963e-c5671681e377,2025-10-06T00:02:18Z,192.168.12.1,alert,port-scan-suspected 192.168.12.152:53604,HIGH,SIGNATURE
7054a8fa-f8f6-43e7-b67d-b9051b41cfe5,2025-10-06T00:02:18Z,192.168.12.1,alert,port-scan-suspected 192.168.12.152:40270,HIGH,SIGNATURE
8d1bd7be-bb6a-4573-a549-ff19821ffdec,2025-10-06T00:02:18Z,192.168.12.1,alert,port-scan-suspected 192.168.12.152:39029,HIGH,SIGNATURE
88a8b2f4-81cb-4df9-a036-63ada549219a,2025-10-06T00:02:18Z,192.168.12.1,alert,port-scan-suspected 192.168.12.152:52907,HIGH,SIGNATURE
e8d14bd1-a0ec-4444-8161-335f13a61759,2025-10-06T00:02:18Z,192.168.12.1,alert,port-scan-suspected 192.168.12.152:43912,HIGH,SIGNATURE
e7ce971f-56d2-4026-8ce7-53e3adb56c3b,2025-10-06T00:02:18Z,192.168.12.1,alert,port-scan-suspected 192.168.12.152:39752,HIGH,SIGNATURE
3f53af9d-4186-4b87-8826-ce882e8b5ff5,2025-10-06T00:02:18Z,192.168.12.1,alert,port-scan-suspected 192.168.12.152:33222,HIGH,SIGNATURE
53085203-7c6a-4168-92f8-21e21240c380,2025-10-06T00:02:18Z,192.168.12.1,alert,port-scan-suspected 192.168.12.152:33472,HIGH,SIGNATURE
dbd735e6-2d27-44a5-897c-e1131b653930,2025-10-06T00:02:18Z,192.168.12.1,alert,port-scan-suspected 192.168.12.152:36538,HIGH,SIGNATURE
c23caac4-bbd5-475c-b967-8be14b05f1af,2025-10-06T00:02:18Z,192.168.12.1,alert,port-scan-suspected 192.168.12.152:41478,HIGH,SIGNATURE
68a12099-0353-42f7-8bdf-3177d1d0d965,2025-10-06T00:02:18Z,192.168.12.1,alert,port-scan-suspected 192.168.12.152:34744,HIGH,SIGNATURE
b9d0f108-1364-4c90-b3b5-1c7d46da0146,2025-10-06T00:02:18Z,192.168.12.1,alert,port-scan-suspected 192.168.12.152:35828,HIGH,SIGNATURE
5ab04524-0c3f-4356-8a6f-0d26b2a9da86,2025-10-06T00:02:18Z,192.168.12.1,alert,port-scan-suspected 192.168.12.152:35475,HIGH,SIGNATURE
edd58c6c-7a74-4dbd-a740-9c2d7e4103fa,2025-10-06T00:02:18Z,192.168.12.1,alert,port-scan-suspected 192.168.12.152:42892,HIGH,SIGNATURE
fd9e7725-d1f4-407b-bfe9-956486340958,2025-10-06T00:02:18Z,192.168.12.152,alert,34.120.208.123:443 score=-0.003,LOW,ANOMALY
2de533dc-5246-408f-93a3-a29ab563ef5e,2025-10-06T00:02:18Z,34.36.137.203,alert,192.168.12.152:44098 score=-0.001,LOW,ANOMALY
47a43ed9-9e02-401a-8d48-b0f8ef51337d,2025-10-06T00:02:18Z,192.168.12.152,alert,34.36.137.203:443 score=-0.009,LOW,ANOMALY
b2f62dbf-3a24-4f5f-a4a0-f7d1627abbaa,2025-10-06T00:02:18Z,192.168.12.1,alert,port-scan-suspected 192.168.12.152:56202,HIGH,SIGNATURE
1b7bda4b-d3c7-4ab5-b6d7-5b1b4be9d173,2025-10-06T00:02:18Z,192.168.12.1,alert,port-scan-suspected 192.168.12.152:36961,HIGH,SIGNATURE
9420769b-0903-4c5d-9b22-9e32bca79a52,2025-10-06T00:02:18Z,34.120.208.123,alert,192.168.12.152:36798 score=-0.008,LOW,ANOMALY
cef83975-e12f-4c26-acc1-9e72f8371060,2025-10-06T00:02:18Z,192.168.12.152,alert,34.120.208.123:443 score=-0.009,LOW,ANOMALY
ecd3f047-9dfc-4712-9e2b-c635a6a31e6f,2025-10-06T00:02:18Z,34.36.137.203,alert,192.168.12.152:44086 score=-0.000,LOW,ANOMALY
055aad96-295f-4b05-bbd3-43b41ce2bdf5,2025-10-06T00:02:18Z,192.168.12.1,alert,port-scan-suspected 192.168.12.152:57745,HIGH,SIGNATURE
80932a0c-9cd9-4a2b-9b6d-6178b0d2703f,2025-10-06T00:02:18Z,192.168.12.1,alert,port-scan-suspected 192.168.12.152:36390,HIGH,SIGNATURE
088c2ff6-3160-4374-aaa1-6fec7c507193,2025-10-06T00:02:18Z,192.168.12.1,alert,port-scan-suspected 192.168.12.152:37633,HIGH,SIGNATURE
623902dd-cf06-4eeb-ba05-c6217f9c16ec,2025-10-06T00:02:18Z,34.120.208.123,alert,192.168.12.152:36800 score=-0.010,LOW,ANOMALY
17425996-2d4d-4fd2-9349-addc180a0f37,2025-10-06T00:02:18Z,192.168.12.152,alert,34.120.208.123:443 score=-0.009,LOW,ANOMALY
2275f6f7-3c3c-4f46-826b-f6fccfe2924e,2025-10-06T00:02:17Z,192.168.12.152,alert,192.168.12.1:53 score=-0.140,HIGH,ANOMALY
70f7df32-da8f-447b-ad71-48e8cd1213d0,2025-10-06T00:02:17Z,192.168.12.152,alert,192.168.12.1:53 score=-0.013,LOW,ANOMALY
ff7896ab-ecb2-4247-9dde-ac79d4cc16cc,2025-10-06T00:02:17Z,192.168.12.152,alert,34.36.137.203:443 score=-0.014,LOW,ANOMALY
b2c9bd73-2242-4572-8c2d-efe62d1911fb,2025-10-06T00:02:17Z,192.168.12.152,alert,192.168.12.1:53 score=-0.078,MEDIUM,ANOMALY
271bfdc6-c828-47b2-a163-245002e1811c,2025-10-06T00:02:17Z,192.168.12.152,alert,34.36.137.203:443 score=-0.019,LOW,ANOMALY
e8844a2e-0b37-4f80-84d4-02f14b1b585e,2025-10-06T00:02:17Z,192.168.12.152,alert,192.168.12.1:53 score=-0.084,MEDIUM,ANOMALY
9498550e-c006-4d53-aea2-a56ca982bb3b,2025-10-06T00:02:17Z,192.168.12.152,alert,192.168.12.1:53 score=-0.082,MEDIUM,ANOMALY
96fabce8-1424-4dea-9ffc-874e4104927f,2025-10-06T00:02:17Z,192.168.12.152,alert,192.168.12.1:53 score=-0.080,MEDIUM,ANOMALY
6267b1b0-6ba3-4259-83ab-eee06b1188b1,2025-10-06T00:02:17Z,192.168.12.152,alert,192.168.12.1:53 score=-0.081,MEDIUM,ANOMALY
6c4f6601-d3cb-4bd8-9b39-02aafe9574f1,2025-10-06T00:02:17Z,192.168.12.152,alert,192.168.12.1:53 score=-0.077,MEDIUM,ANOMALY
1317db04-5b3f-4467-a075-c6047964c939,2025-10-06T00:02:17Z,192.168.12.152,alert,34.36.137.203:443 score=-0.003,LOW,ANOMALY
c2a7f4b8-a3a6-4f54-9fd0-9204761fae2b,2025-10-06T00:01:57Z,192.168.12.152,alert,20.189.173.17:443 score=-0.045,LOW,ANOMALY
cac6e49d-fe61-4663-9a8c-4c8148709620,2025-10-06T00:01:54Z,192.168.12.143,alert,224.0.0.251:5353 score=-0.087,MEDIUM,ANOMALY
7ff678ba-5652-4231-9032-cccc60603628,2025-10-06T00:01:54Z,192.168.12.143,alert,224.0.0.251:5353 score=-0.087,MEDIUM,ANOMALY
719e1b9c-14a7-4145-93dc-f8a12540012d,2025-10-06T00:01:53Z,192.168.12.200,alert,224.0.0.251:5353 score=-0.068,MEDIUM,ANOMALY
a9924c05-2bb0-4190-86fc-d75c34e28427,2025-10-06T00:01:53Z,192.168.12.200,alert,224.0.0.251:5353 score=-0.068,MEDIUM,ANOMALY
3c1abe8f-68e8-4ea9-8ab8-0ce4cbbce7e6,2025-10-06T00:01:53Z,192.168.12.200,alert,224.0.0.251:5353 score=-0.068,MEDIUM,ANOMALY
6daf6723-ba40-4640-8a29-6d9d4fef46e3,2025-10-06T00:01:53Z,192.168.12.200,alert,224.0.0.251:5353 score=-0.068,MEDIUM,ANOMALY
be61f3b3-4e26-43a4-b9b7-3e4b17388f20,2025-10-06T00:01:53Z,192.168.12.200,alert,224.0.0.251:5353 score=-0.068,MEDIUM,ANOMALY
679f62a2-c72d-45d5-a804-f058072c83d5,2025-10-06T00:01:52Z,192.168.12.200,alert,224.0.0.251:5353 score=-0.068,MEDIUM,ANOMALY
64a4c1da-30f2-4a95-aa3d-b5bb034eb3ca,2025-10-06T00:01:52Z,192.168.12.200,alert,224.0.0.251:5353 score=-0.068,MEDIUM,ANOMALY
15d4f467-c87c-4913-b1f6-6d4f3ff9d362,2025-10-06T00:01:52Z,192.168.12.200,alert,224.0.0.251:5353 score=-0.068,MEDIUM,ANOMALY
cd426f39-7c44-45d3-a4de-b48266204b5c,2025-10-06T00:01:52Z,192.168.12.200,alert,224.0.0.251:5353 score=-0.068,MEDIUM,ANOMALY
586424e6-6d9f-40bc-acf9-b11371bb1c9c,2025-10-06T00:01:51Z,192.168.12.200,alert,224.0.0.251:5353 score=-0.132,HIGH,ANOMALY
ce6eb4d4-ee6a-4b2c-ab14-de4107e034ef,2025-10-06T00:01:51Z,192.168.12.200,alert,224.0.0.251:5353 score=-0.132,HIGH,ANOMALY
2bfe294a-4bb1-4405-950f-f3d2b2b7fb13,2025-10-06T00:01:51Z,192.168.12.200,alert,224.0.0.251:5353 score=-0.132,HIGH,ANOMALY
60be1de2-498e-44db-89c4-ae5ce200db9b,2025-10-06T00:01:41Z,192.168.12.152,alert,192.168.12.1:53 score=-0.053,MEDIUM,ANOMALY
2e06fedd-4e5a-46e8-9712-6dbfecdf4fbe,2025-10-06T00:01:37Z,18.228.202.30,alert,192.168.12.152:57550 score=-0.068,MEDIUM,ANOMALY
9737f634-e197-4fbd-99d8-fffc72164e13,2025-10-06T00:01:37Z,3.220.42.39,alert,192.168.12.152:48754 score=-0.010,LOW,ANOMALY
ca93c5ac-6d4b-4bef-8e6e-dc753c65207f,2025-10-06T00:01:36Z,192.168.12.152,alert,185.125.190.56:123 score=-0.045,LOW,ANOMALY
058ea8a9-b385-47f6-8de0-a4b09dab70bc,2025-10-06T00:01:36Z,192.168.12.152,alert,18.228.202.30:123 score=-0.129,HIGH,ANOMALY
6a0945e1-b510-454c-a973-0b0d972a8ddf,2025-10-06T00:01:36Z,192.168.12.152,alert,3.220.42.39:123 score=-0.060,MEDIUM,ANOMALY
3d8c2a43-e80d-4655-9ad1-284730d8e4d2,2025-10-06T00:01:35Z,192.168.12.152,alert,185.125.190.56:123 score=-0.045,LOW,ANOMALY
2c966b2a-033d-4af2-8394-b66f2d1be500,2025-10-06T00:01:34Z,15.237.97.214,alert,192.168.12.152:51659 score=-0.037,LOW,ANOMALY
3344503d-6517-4f5d-9cf4-7ace6fc0f485,2025-10-06T00:01:34Z,15.237.97.214,alert,192.168.12.152:51659 score=-0.037,LOW,ANOMALY
28877694-fffc-483d-96b2-b01833a40051,2025-10-06T00:01:34Z,15.237.97.214,alert,192.168.12.152:51659 score=-0.037,LOW,ANOMALY
0497178f-e65e-4bf5-adb5-e3e9bffd14b4,2025-10-06T00:01:33Z,192.168.12.152,alert,15.237.97.214:123 score=-0.134,HIGH,ANOMALY
b8dd4a27-3ca5-468e-820b-82f8484c56d1,2025-10-06T00:01:32Z,192.168.12.152,alert,96.60.247.29:123 score=-0.052,MEDIUM,ANOMALY
e98dc784-a09b-45cb-bba3-2a34535861e1,2025-10-06T00:01:30Z,192.168.12.152,alert,52.10.183.132:123 score=-0.126,HIGH,ANOMALY
513e99a2-142d-406e-ab9b-da123adc5d3d,2025-10-06T00:01:30Z,52.10.183.132,alert,192.168.12.152:59192 score=-0.052,MEDIUM,ANOMALY
a031fdfa-163b-441f-a996-02be4e8f7021,2025-10-06T00:01:29Z,192.168.12.152,alert,66.244.16.123:123 score=-0.037,LOW,ANOMALY
f1bc5c23-c6b4-485b-8b3f-49df1c038623,2025-10-06T00:01:28Z,192.168.12.152,alert,91.189.91.157:123 score=-0.037,LOW,ANOMALY
b39fee2d-0106-4201-bc92-384c7cd74318,2025-10-06T00:01:27Z,192.168.12.143,alert,224.0.0.251:5353 score=-0.046,LOW,ANOMALY
ad0196ca-0b03-4e29-a58b-b6f31566dea8,2025-10-06T00:01:27Z,192.168.12.152,alert,162.159.200.1:123 score=-0.009,LOW,ANOMALY
